Metagenome,MAG,BGC,class,Predicted product,Domain,Phylum,Class,Order,Family,Genus,Species,coreRPKM,TPM,lg(TPM)
M39,Aegir_M39_B25,IAPKAMMO_161.region001,Other,acyl_amino_acids,Bacteria,Planctomycetota,JADGBV01,JADGBV01,JADGBV01,0,0,169.0029065,2104.430852,3.32313466
M39,Aegir_M39_B25,IAPKAMMO_17.region001,Other,acyl_amino_acids,Bacteria,Planctomycetota,JADGBV01,JADGBV01,JADGBV01,0,0,124.4105428,1549.164983,3.190097672
M39,Aegir_M39_B25,IAPKAMMO_248.region001,Other,acyl_amino_acids,Bacteria,Planctomycetota,JADGBV01,JADGBV01,JADGBV01,0,0,225.911814,2813.062811,3.449179429
M39,Aegir_M39_B25,IAPKAMMO_354.region001,Other,acyl_amino_acids,Bacteria,Planctomycetota,JADGBV01,JADGBV01,JADGBV01,0,0,152.8670288,1903.506267,3.279554311
M39,Aegir_M39_B25,IAPKAMMO_89.region001,Other,acyl_amino_acids,Bacteria,Planctomycetota,JADGBV01,JADGBV01,JADGBV01,0,0,110.6460779,1377.769323,3.139176511
M39,Aegir_M39_B18,OGOLDCED_79.region001,Other,acyl_amino_acids,Bacteria,Bacteroidota,Bacteroidia,Bacteroidales,JAADGE01,JAADGE01,0,57.91338312,721.139729,2.858019422
M33,Barite_M33_B6,LPIDFHMF_74.region001,Hybrid,acyl_amino_acids:betalactone,Bacteria,Pseudomonadota,Gammaproteobacteria,Methylococcales,Methylomonadaceae,QPIN01,0,106.9160348,1096.281021,3.039921895
M24,Aegir_M24_B113,NEOEDNCB_12.region001,Other,arylpolyene,Bacteria,Bacteroidota,Bacteroidia,Flavobacteriales,Flavobacteriaceae,S010-17,0,776.2817965,13947.84144,4.144507002
M24,Aegir_M24_B92,NJPCPLPI_182.region001,Other,arylpolyene,Bacteria,Bacteroidota,Bacteroidia,Flavobacteriales,PHOS-HE28,0,0,235.2752956,4227.308348,3.626063927
M24,Aegir_M24_B62,OOCMFLME_120.region001,Other,arylpolyene,Bacteria,Pseudomonadota,Gammaproteobacteria,Methylococcales,Methylomonadaceae,QPIN01,0,219.5137157,3944.112196,3.595949261
M25,Aegir_M25_B40,EJKDLJJF_202.region001,Other,arylpolyene,Bacteria,Bacteroidota,Bacteroidia,Flavobacteriales,Flavobacteriaceae,Lutimonas,0,11443.48065,95681.92052,4.980829884
M36,Aegir_M36_B48,IGGOJNFL_15.region001,Other,arylpolyene,Bacteria,Campylobacterota,Campylobacteria,Campylobacterales,Sulfurospirillaceae,Sulfurospirillum_A,0,6744.270742,47104.63034,4.6730636
M36,Aegir_M36_B71,JGCHBLFO_296.region001,Other,arylpolyene,Bacteria,Pseudomonadota,Gammaproteobacteria,Methylococcales,Methylomonadaceae,Methylomarinum,0,5526.174727,38596.97032,4.586553216
M36,Aegir_M36_B40,MACFFGIF_121.region001,Other,arylpolyene,Bacteria,Pseudomonadota,Gammaproteobacteria,Methylococcales,Methylomonadaceae,Methyloprofundus,0,2236.020956,15617.24678,4.193604473
M37,Aegir_M37_B35,CJICECBE_42.region001,Other,arylpolyene,Bacteria,Bacteroidota,Bacteroidia,Flavobacteriales,Flavobacteriaceae,Lutimonas,0,14087.68173,104497.3637,5.019105334
M38,Aegir_M38_B66,EMLCJMHO_94.region001,Other,arylpolyene,Bacteria,Desulfobacterota,Desulfobulbia,Desulfobulbales,Desulfurivibrionaceae,0,0,915.1877233,13622.55437,4.13425855
M38,Aegir_M38_B72,JLHIKFCN_96.region001,Other,arylpolyene,Bacteria,Pseudomonadota,Gammaproteobacteria,Methylococcales,Methylomonadaceae,WTBX01,0,1155.802127,17204.09585,4.235631853
M38,Aegir_M38_B91,KMNIKALC_139.region001,Other,arylpolyene,Bacteria,Pseudomonadota,Zetaproteobacteria,Mariprofundales,Mariprofundaceae,GCA-2401635,0,872.6831626,12989.87468,4.113604961
M38,Aegir_M38_B21,NIMPLCKH_11.region001,Other,arylpolyene,Bacteria,Pseudomonadota,Gammaproteobacteria,Methylococcales,Methylomonadaceae,QPIN01,0,86.84931947,1292.750707,3.111514784
M38,Aegir_M38_B101,OPDMMHKB_26.region001,Other,arylpolyene,Bacteria,Pseudomonadota,Gammaproteobacteria,Enterobacterales_A,Kangiellaceae,GCA-002733465,0,88.32326669,1314.690388,3.118823488
M39,Aegir_M39_B196,BKLBJKCE_188.region001,Other,arylpolyene,Bacteria,Desulfobacterota,Desulfobacteria,Desulfobacterales,JAABRJ01,0,0,123.6971903,1540.282288,3.187600321
M39,Aegir_M39_B82,DMCDPPBI_182.region001,Other,arylpolyene,Bacteria,Desulfobacterota,Desulfobulbia,Desulfobulbales,Desulfocapsaceae,Desulforhopalus,0,278.806574,3471.710448,3.540543496
M39,Aegir_M39_B149,EDJGDHEF_49.region001,Other,arylpolyene,Bacteria,Pseudomonadota,Gammaproteobacteria,Methylococcales,Methylomonadaceae,Methylomarinum,0,536.5405582,6681.024175,3.824843043
M39,Aegir_M39_B181,FNBCNFFH_51.region001,Other,arylpolyene,Bacteria,Myxococcota,Polyangia,Polyangiales,SG8-38,JAADHO01,0,39.0238816,485.9269116,2.686570952
M39,Aegir_M39_B100,HPDNPIEA_257.region001,Other,arylpolyene,Bacteria,Myxococcota,B64-G9,B64-G9,B64-G9,0,0,180.7540335,2250.756349,3.352328484
M39,Aegir_M39_B100,HPDNPIEA_481.region001,Other,arylpolyene,Bacteria,Myxococcota,B64-G9,B64-G9,B64-G9,0,0,161.9508207,2016.618002,3.30462364
M39,Aegir_M39_B60,IGDGJELM_65.region001,Other,arylpolyene,Bacteria,Myxococcota,B64-G9,B64-G9,B64-G9,0,0,39.4090192,490.7226601,2.690836113
M39,Aegir_M39_B19,JNHAIHPN_96.region001,Other,arylpolyene,Bacteria,Verrucomicrobiota,Kiritimatiellia,UBA8416,JAFGTH01,0,0,102.7545199,1279.503331,3.107041421
M39,Aegir_M39_B20,KNGHPBFF_356.region001,Other,arylpolyene,Bacteria,Bacteroidota,Bacteroidia,Flavobacteriales,Crocinitomicaceae,Crocinitomix,0,103.0605266,1283.313739,3.108332844
M39,Aegir_M39_B119,MHCCPFAL_130.region001,Other,arylpolyene,Bacteria,Pseudomonadota,Gammaproteobacteria,Methylococcales,Methylomonadaceae,QPIN01,0,129.6440777,1614.333165,3.207993169
M39,Aegir_M39_B126,NGIDNPEH_9.region001,Other,arylpolyene,Bacteria,Desulfobacterota,DSM-4660,Desulfatiglandales,Desulfatiglandaceae,JAGGTJ01,0,40.2864106,501.6479724,2.700399061
M39,Aegir_M39_B55,NLFFCBIA_47.region001,Other,arylpolyene,Bacteria,Pseudomonadota,Gammaproteobacteria,Methylococcales,Methylomonadaceae,QPIN01,0,64.56755813,803.9977785,2.905254849
M39,Aegir_M39_B39,NPMBOLIF_107.region001,Other,arylpolyene,Bacteria,Myxococcota_A,UBA9160,UBA9160,UBA4427,UBA4427,0,65.25236941,812.5250755,2.909836773
M39,Aegir_M39_B18,OGOLDCED_13.region001,Other,arylpolyene,Bacteria,Bacteroidota,Bacteroidia,Bacteroidales,JAADGE01,JAADGE01,0,70.74356152,880.901616,2.944927407
M39,Aegir_M39_B146,OICIJIOO_87.region001,Other,arylpolyene,Bacteria,Pseudomonadota,Gammaproteobacteria,Methylococcales,Methylomonadaceae,0,0,126.6362244,1576.879257,3.19779844
M39,Aegir_M39_B13,OPIOGPAO_16.region001,Other,arylpolyene,Bacteria,Bacteroidota,Bacteroidia,Flavobacteriales,Crocinitomicaceae,Putridiphycobacter,0,40.37159306,502.7086678,2.701316374
M39,Aegir_M39_B77,PCIMOJGB_111.region001,Other,arylpolyene,Bacteria,Bacteroidota,Bacteroidia,Bacteroidales,UBA1556,QNXT01,0,43.4077968,540.5155965,2.73280823
M39,Aegir_M39_B31,POFLEAAM_250.region001,Other,arylpolyene,Bacteria,Bacteroidota,Bacteroidia,Bacteroidales,F082,B16-G9,0,573.9908667,7147.356892,3.854145468
M33,Barite_M33_B31,ALBGKPPL_355.region001,Other,arylpolyene,Bacteria,Pseudomonadota,Gammaproteobacteria,Enterobacterales,Kangiellaceae,GCA-002733465,0,199.8449203,2049.142523,3.311572166
M33,Barite_M33_B55,CFPHHOAB_101.region001,Other,arylpolyene,Bacteria,Bdellovibrionota,Bdellovibrionia,Bdellovibrionales,JAGQZY01,JAGQZY01,0,419.6743327,4303.199298,3.63379146
M33,Barite_M33_B30,COHBHEGN_38.region001,Other,arylpolyene,Bacteria,Bacteroidota,Bacteroidia,Flavobacteriales,Flavobacteriaceae,Urechidicola,0,301.1189278,3087.572095,3.489617107
M33,Barite_M33_B97,FAPGKHBG_56.region001,Other,arylpolyene,Bacteria,Pseudomonadota,Gammaproteobacteria,Xanthomonadales,Marinicellaceae,NORP309,0,207.0738498,2123.265531,3.32700431
M33,Barite_M33_B69,FHIEFOOH_136.region001,Other,arylpolyene,Bacteria,Pseudomonadota,Gammaproteobacteria,Arenicellales,Arenicellaceae,Arenicella,Arenicella sp016763815,145.1210309,1488.022187,3.172609407
M33,Barite_M33_B69,FHIEFOOH_192.region001,Other,arylpolyene,Bacteria,Pseudomonadota,Gammaproteobacteria,Arenicellales,Arenicellaceae,Arenicella,Arenicella sp016763815,111.4152996,1142.414967,3.057823884
M33,Barite_M33_B114,HJEFFHPK_141.region001,Other,arylpolyene,Bacteria,Pseudomonadota,Gammaproteobacteria,SZUA-229,SZUA-229,GCA-2746365,0,256.490755,2629.969838,3.419950768
M33,Barite_M33_B23,JICMBPMM_39.region001,Other,arylpolyene,Bacteria,Pseudomonadota,Gammaproteobacteria,Methylococcales,Methylomonadaceae,WTBX01,0,311.4934867,3193.949328,3.504328022
M33,Barite_M33_B112,NPLDDKJN_692.region001,Other,arylpolyene,Bacteria,Bacteroidota,Bacteroidia,Cytophagales,Cyclobacteriaceae,Reichenbachiella,0,192.750128,1976.394911,3.295873727
M33,Barite_M33_B30,COHBHEGN_65.region001,Hybrid,arylpolyene:betalactone:resorcinol,Bacteria,Bacteroidota,Bacteroidia,Flavobacteriales,Flavobacteriaceae,Urechidicola,0,395.5829733,4056.17461,3.608116642
M24,Aegir_M24_B26,BLIMOGOC_29.region001,Hybrid,arylpolyene:resorcinol,Bacteria,Bacteroidota,Bacteroidia,Flavobacteriales,Flavobacteriaceae,GCA-002733185,0,254.9784543,4581.324808,3.660991084
M24,Aegir_M24_B10,BPIAAOIK_41.region001,Hybrid,arylpolyene:resorcinol,Bacteria,Bacteroidota,Bacteroidia,Flavobacteriales,Salibacteraceae,CAJXZP01,0,275.4916562,4949.895717,3.694596049
M24,Aegir_M24_B113,NEOEDNCB_47.region001,Hybrid,arylpolyene:resorcinol,Bacteria,Bacteroidota,Bacteroidia,Flavobacteriales,Flavobacteriaceae,S010-17,0,219.9767001,3952.430867,3.596864282
M24,Aegir_M24_B88,OBCMDBHP_62.region001,Hybrid,arylpolyene:resorcinol,Bacteria,Bacteroidota,Bacteroidia,Flavobacteriales,Flavobacteriaceae,Lutimonas,0,304.5641991,5472.256567,3.738166451
M25,Aegir_M25_B130,EMAHDGMJ_79.region001,Hybrid,arylpolyene:resorcinol,Bacteria,Bacteroidota,Bacteroidia,Flavobacteriales,Salibacteraceae,CAJXZP01,0,864.3625067,7227.159918,3.858967665
M36,Aegir_M36_B24,DHGLLEPI_171.region001,Hybrid,arylpolyene:resorcinol,Bacteria,Bacteroidota,Bacteroidia,Flavobacteriales,Salibacteraceae,CAJXZP01,0,328.9304891,2297.379463,3.361232734
M36,Aegir_M36_B59,LBFMECOL_22.region001,Hybrid,arylpolyene:resorcinol,Bacteria,Bacteroidota,Bacteroidia,Flavobacteriales,Flavobacteriaceae,S010-17,0,557.0825808,3890.883098,3.590048183
M36,Aegir_M36_B62,NDIICOJF_10.region002,Hybrid,arylpolyene:resorcinol,Bacteria,Bacteroidota,Bacteroidia,Bacteroidales,UBA12170,UBA12170,0,405.3581867,2831.180459,3.451967552
M36,Aegir_M36_B54,NEFIDIMH_10.region001,Hybrid,arylpolyene:resorcinol,Bacteria,Bacteroidota,Bacteroidia,Flavobacteriales,Flavobacteriaceae,Lutimonas,0,556.3991184,3886.109529,3.589515037
M37,Aegir_M37_B36,HECOAHAK_45.region001,Hybrid,arylpolyene:resorcinol,Bacteria,Bacteroidota,Bacteroidia,Flavobacteriales,Flavobacteriaceae,Lutimonas,0,1705.439841,12650.34026,4.102102207
M38,Aegir_M38_B25,CIGBJIDC_43.region001,Hybrid,arylpolyene:resorcinol,Bacteria,Bacteroidota,Bacteroidia,Flavobacteriales,Crocinitomicaceae,UBA4466,0,72.08945147,1073.050312,3.030620085
M38,Aegir_M38_B66,EMLCJMHO_126.region001,Hybrid,arylpolyene:resorcinol,Bacteria,Desulfobacterota,Desulfobulbia,Desulfobulbales,Desulfurivibrionaceae,0,0,763.4665964,11364.18787,4.055538405
M38,Aegir_M38_B92,HJJGMEJB_43.region001,Hybrid,arylpolyene:resorcinol,Bacteria,Campylobacterota,Campylobacteria,Campylobacterales,Sulfurimonadaceae,Sulfurimonas,0,59.63263909,887.6308626,2.948232394
M38,Aegir_M38_B77,IEOKNLIK_64.region001,Hybrid,arylpolyene:resorcinol,Bacteria,Campylobacterota,Campylobacteria,Campylobacterales,Sulfurimonadaceae,Sulfurimonas,0,1675.252335,24936.10375,4.396828596
M38,Aegir_M38_B31,JEMMGIEH_106.region001,Hybrid,arylpolyene:resorcinol,Bacteria,Bacteroidota,Bacteroidia,Flavobacteriales,Flavobacteriaceae,Urechidicola,0,249.9785956,3720.927328,3.570651188
M38,Aegir_M38_B89,KDNKGBAB_28.region001,Hybrid,arylpolyene:resorcinol,Bacteria,Bacteroidota,Bacteroidia,Flavobacteriales,Crocinitomicaceae,UBA4466,0,68.3342268,1017.153854,3.007386649
M39,Aegir_M39_B5,CBKCKAFE_11.region001,Hybrid,arylpolyene:resorcinol,Bacteria,Bacteroidota,Bacteroidia,Flavobacteriales,Flavobacteriaceae,S010-17,0,379.6578321,4727.514288,3.67463285
M39,Aegir_M39_B177,DPONBGFN_110.region001,Hybrid,arylpolyene:resorcinol,Bacteria,Bacteroidota,Bacteroidia,Flavobacteriales,Salibacteraceae,CAJXZP01,0,471.0060283,5864.985627,3.768266952
M39,Aegir_M39_B67,HCGIIHJE_5.region001,Hybrid,arylpolyene:resorcinol,Bacteria,Bacteroidota,Bacteroidia,Flavobacteriales,Flavobacteriaceae,S010-17,0,445.9299407,5552.737195,3.744507119
M39,Aegir_M39_B136,IGJLCKIK_38.region001,Hybrid,arylpolyene:resorcinol,Bacteria,Bacteroidota,Bacteroidia,Bacteroidales,F082,UBA4459,0,106.2284427,1322.760755,3.121481301
M39,Aegir_M39_B136,IGJLCKIK_8.region001,Hybrid,arylpolyene:resorcinol,Bacteria,Bacteroidota,Bacteroidia,Bacteroidales,F082,UBA4459,0,169.9340452,2116.025428,3.325520882
M39,Aegir_M39_B121,JGGEIKLM_65.region001,Hybrid,arylpolyene:resorcinol,Bacteria,Bacteroidota,Bacteroidia,Flavobacteriales,Flavobacteriaceae,GCA-002733185,0,339.7877352,4231.05027,3.626448185
M39,Aegir_M39_B137,MGGLONMC_3.region001,Hybrid,arylpolyene:resorcinol,Bacteria,Bacteroidota,Bacteroidia,Flavobacteriales,Flavobacteriaceae,Lutimonas,0,1086.030936,13523.30002,4.131082683
M39,Aegir_M39_B126,NGIDNPEH_5.region001,Hybrid,arylpolyene:resorcinol,Bacteria,Desulfobacterota,DSM-4660,Desulfatiglandales,Desulfatiglandaceae,JAGGTJ01,0,68.73971439,855.9496326,2.93244821
M39,Aegir_M39_B198,OHIALCHJ_57.region001,Hybrid,arylpolyene:resorcinol,Bacteria,Bacteroidota,Bacteroidia,Cytophagales,Cyclobacteriaceae,0,0,31.41081552,391.1287128,2.592319699
M33,Barite_M33_B56,ENICKNPH_42.region001,Hybrid,arylpolyene:resorcinol,Bacteria,Bacteroidota,Bacteroidia,Flavobacteriales,Flavobacteriaceae,Lutimonas,0,56.4098896,578.408014,2.762234302
M36,Aegir_M36_B34,CHHKDDGB_23.region001,Other,betalactone,Bacteria,Myxococcota,UBA796,UBA796,CAJQPC01,CAJQPC01,0,618.6354017,4320.792125,3.635563373
M36,Aegir_M36_B64,GKCHABDB_67.region001,Other,betalactone,Bacteria,Myxococcota,UBA796,UBA796,GCA-2862545,JACKEQ01,0,641.1411286,4477.980943,3.651082241
M36,Aegir_M36_B63,OGCOFHCG_9.region001,Other,betalactone,Bacteria,Pseudomonadota,Gammaproteobacteria,Thiomicrospirales,Thiomicrospiraceae,Thiomicrorhabdus,0,757.5132053,5290.76914,3.723518812
M38,Aegir_M38_B104,ENCCGMIM_73.region001,Other,betalactone,Bacteria,Pseudomonadota,Alphaproteobacteria,Sphingomonadales,Emcibacteraceae,Paremcibacter,0,116.6018943,1735.6173,3.23945397
M39,Aegir_M39_B161,EACKFKNK_79.region001,Other,betalactone,Archaea,Halobacteriota,Archaeoglobi,Archaeoglobales,Archaeoglobaceae,Archaeoglobus_A,0,116.4928341,1450.573361,3.161539698
M39,Aegir_M39_B128,EBJAGHMO_62.region001,Other,betalactone,Bacteria,Pseudomonadota,Alphaproteobacteria,Rhodobacterales,Rhodobacteraceae,JAJRUE01,0,60.76488159,756.6467003,2.878893142
M39,Aegir_M39_B94,FNBAOPIA_73.region001,Other,betalactone,Bacteria,Spirochaetota,Spirochaetia,B11-G9,B11-G9,S145-15,0,75.49216361,940.0313964,2.973142359
M39,Aegir_M39_B94,FNBAOPIA_74.region001,Other,betalactone,Bacteria,Spirochaetota,Spirochaetia,B11-G9,B11-G9,S145-15,0,68.02610951,847.0637965,2.92791612
M39,Aegir_M39_B127,GNEJKKOJ_50.region001,Other,betalactone,Bacteria,Pseudomonadota,Gammaproteobacteria,GCA-001735895,GCA-001735895,JACNJF01,0,97.08530497,1208.910044,3.082393986
M39,Aegir_M39_B117,IAKFMJEM_44.region001,Other,betalactone,Bacteria,Pseudomonadota,Alphaproteobacteria,Rhodobacterales,Rhodobacteraceae,Roseovarius,0,1251.007582,15577.59572,4.192500428
M39,Aegir_M39_B109,ICBCKKKK_35.region001,Other,betalactone,Bacteria,Bacteroidota,Bacteroidia,Bacteroidales,JAADJA01,JAADJA01,0,385.6365799,4801.961891,3.681418709
M39,Aegir_M39_B136,IGJLCKIK_46.region001,Other,betalactone,Bacteria,Bacteroidota,Bacteroidia,Bacteroidales,F082,UBA4459,0,335.2769337,4174.881592,3.620644163
M39,Aegir_M39_B71,OEDHKPFD_97.region001,Other,betalactone,Bacteria,Pseudomonadota,Gammaproteobacteria,Methylococcales,Methylomonadaceae,QPIN01,QPIN01 sp021647585,209.5401537,2609.202251,3.416507745
M39,Aegir_M39_B198,OHIALCHJ_181.region001,Other,betalactone,Bacteria,Bacteroidota,Bacteroidia,Cytophagales,Cyclobacteriaceae,0,0,55.20720423,687.4422828,2.837236241
M39,Aegir_M39_B146,OICIJIOO_144.region001,Other,betalactone,Bacteria,Pseudomonadota,Gammaproteobacteria,Methylococcales,Methylomonadaceae,0,0,368.5198547,4588.823754,3.661701378
M33,Barite_M33_B92,MHCCMMMN_217.region001,Other,betalactone,Bacteria,Pseudomonadota,Gammaproteobacteria,Methylococcales,Methylomonadaceae,Methyloprofundus,0,104.2844212,1069.297341,3.029098487
M36,Aegir_M36_B45,KCAABIEO_245.region001,NRP,CDPS,Bacteria,Bacteroidota,Bacteroidia,Cytophagales,Bernardetiaceae,0,0,1899.670787,13268.04537,4.122806948
M38,Aegir_M38_B73,GACEDKPE_108.region001,NRP,CDPS,Bacteria,Pseudomonadota,Gammaproteobacteria,Methylococcales,Methylomonadaceae,0,0,448.3902789,6674.282006,3.824404553
M33,Barite_M33_B23,JICMBPMM_86.region001,NRP,CDPS,Bacteria,Pseudomonadota,Gammaproteobacteria,Methylococcales,Methylomonadaceae,WTBX01,0,1717.57487,17611.43439,4.245794729
M38,Aegir_M38_B19,ECPBKFON_90.region001,Other,ectoine,Bacteria,Pseudomonadota,Zetaproteobacteria,Mariprofundales,Mariprofundaceae,AB-137-C09,0,569.7421347,8480.602405,3.928426703
M39,Aegir_M39_B117,IAKFMJEM_55.region001,Other,ectoine,Bacteria,Pseudomonadota,Alphaproteobacteria,Rhodobacterales,Rhodobacteraceae,Roseovarius,0,256.8624661,3198.46155,3.504941134
M24,Aegir_M24_B66,ABLFJFHB_66.region001,Polyketide,hglE-KS,Bacteria,Bdellovibrionota,Oligoflexia,Oligoflexales,0,0,0,423.1482398,7602.915054,3.880980138
M24,Aegir_M24_B45,DPHDEEHI_103.region001,Polyketide,hglE-KS,Bacteria,Myxococcota,Bradymonadia,Bradymonadales,Bradymonadaceae,CALJNB01,0,140.5822015,2525.910391,3.40241794
M24,Aegir_M24_B45,DPHDEEHI_74.region001,Polyketide,hglE-KS,Bacteria,Myxococcota,Bradymonadia,Bradymonadales,Bradymonadaceae,CALJNB01,0,271.8327946,4884.155129,3.688789449
M24,Aegir_M24_B94,FBDIKMAG_101.region001,Polyketide,hglE-KS,Bacteria,Pseudomonadota,Gammaproteobacteria,Pseudomonadales,Azotimanducaceae_A,JAHRVQ01,0,90.13111193,1619.430552,3.209362328
M24,Aegir_M24_B6,KKNDCODD_112.region001,Polyketide,hglE-KS,Bacteria,Bacteroidota,Bacteroidia,Chitinophagales,Saprospiraceae,CAJQQY01,0,371.3325342,6671.916479,3.824250601
M24,Aegir_M24_B103,PADGKGNB_119.region001,Polyketide,hglE-KS,Bacteria,Planctomycetota,UBA11346,UBA11346,UBA11346,JANQLF01,0,349.9276,6287.323371,3.798465798
M36,Aegir_M36_B46,AODPIKDL_6.region001,Polyketide,hglE-KS,Bacteria,Myxococcota,UBA727,UBA727,0,0,0,502.6888828,3510.976191,3.545427884
M36,Aegir_M36_B2,NDAJAKLO_97.region001,Polyketide,hglE-KS,Bacteria,Desulfobacterota,Desulfobacteria,Desulfobacterales,Desulfobacteraceae,0,0,3033.768881,21189.03098,4.326111096
M38,Aegir_M38_B76,BPOLMMFO_66.region001,Polyketide,hglE-KS,Bacteria,Myxococcota,Bradymonadia,UBA7976,UBA1532,0,0,143.2518016,2132.300736,3.328848457
M38,Aegir_M38_B19,ECPBKFON_70.region001,Polyketide,hglE-KS,Bacteria,Pseudomonadota,Zetaproteobacteria,Mariprofundales,Mariprofundaceae,AB-137-C09,0,1373.81131,20449.15899,4.310675452
M38,Aegir_M38_B64,NAOKMLNH_95.region001,Polyketide,hglE-KS,Bacteria,Bdellovibrionota,Oligoflexia,Oligoflexales,0,0,0,451.2156879,6716.338172,3.827132555
M39,Aegir_M39_B99,AAIIPECO_23.region001,Polyketide,hglE-KS,Bacteria,Desulfobacterota,Desulfobacteria,Desulfobacterales,Desulfosarcinaceae,0,0,91.03077423,1133.518788,3.054428723
M39,Aegir_M39_B79,ECMLGHLP_74.region001,Polyketide,hglE-KS,Bacteria,Chloroflexota,Anaerolineae,JAFGEY01,JAFGEY01,0,0,83.13545709,1035.205988,3.015026775
M39,Aegir_M39_B120,EEAGJODL_216.region001,Polyketide,hglE-KS,Bacteria,Myxococcota,Bradymonadia,Bradymonadales,Bradymonadaceae,0,0,45.34888256,564.6860728,2.751807077
M39,Aegir_M39_B181,FNBCNFFH_221.region001,Polyketide,hglE-KS,Bacteria,Myxococcota,Polyangia,Polyangiales,SG8-38,JAADHO01,0,55.06263485,685.6420991,2.836097476
M33,Barite_M33_B110,FEKFMOAO_314.region001,Polyketide,hglE-KS,Bacteria,Myxococcota_A,UBA9160,UBA9160,UBA4427,UBA4427,0,343.6147446,3523.309892,3.546950843
M33,Barite_M33_B58,LMIOODIL_111.region001,Polyketide,hglE-KS,Bacteria,Myxococcota,Bradymonadia,UBA4248,0,0,0,263.7891839,2704.80547,3.432136036
M33,Barite_M33_B58,LMIOODIL_162.region001,Polyketide,hglE-KS,Bacteria,Myxococcota,Bradymonadia,UBA4248,0,0,0,126.6657175,1298.787617,3.113538139
M33,Barite_M33_B37,NKGBANJE_55.region001,Polyketide,hglE-KS,Bacteria,Pseudomonadota,Gammaproteobacteria,Pseudomonadales,Halieaceae,Halioglobus,0,41.80811047,428.6862874,2.632139592
M24,Aegir_M24_B103,PADGKGNB_202.region001,Hybrid,hglE-KS:T1PKS,Bacteria,Planctomycetota,UBA11346,UBA11346,UBA11346,JANQLF01,0,455.6572583,8187.02077,3.913125892
M39,Aegir_M39_B99,AAIIPECO_57.region001,Hybrid,hglE-KS:T1PKS,Bacteria,Desulfobacterota,Desulfobacteria,Desulfobacterales,Desulfosarcinaceae,0,0,53.1374418,661.6695194,2.820641129
M39,Aegir_M39_B141,FDIMNBAG_121.region001,Hybrid,hglE-KS:T1PKS,Bacteria,Desulfobacterota_F,DSWW01,DSWW01,DSWW01,0,0,52.38669047,652.3211343,2.814461449
M39,Aegir_M39_B98,KEGBFKGK_10.region001,Hybrid,hglE-KS:T1PKS,Bacteria,Desulfobacterota,Desulfobacteria,Desulfobacterales,JAFDDL01,0,0,298.399362,3715.680615,3.570038377
M39,Aegir_M39_B174,PAJIPFJH_161.region001,Hybrid,hglE-KS:T1PKS,Bacteria,Pseudomonadota,Gammaproteobacteria,Methylococcales,Methylomonadaceae,0,0,104.2637188,1298.295936,3.113373698
M33,Barite_M33_B66,NGMOPKMC_308.region001,Hybrid,hglE-KS:T1PKS,Bacteria,Hydrogenedentota,Hydrogenedentia,Hydrogenedentiales,GCA-2746185,DTSJ01,0,85.22475472,873.8659386,2.941444812
M24,Aegir_M24_B115,FBCILAEC_199.region001,Other,hserlactone,Bacteria,Pseudomonadota,Alphaproteobacteria,Rhodobacterales,Rhodobacteraceae,Profundibacter,0,607.8066689,10920.76496,4.03825306
M24,Aegir_M24_B52,JLMBNEBE_91.region001,Other,hserlactone,Bacteria,Pseudomonadota,Gammaproteobacteria,Enterobacterales,Alteromonadaceae,Colwellia,0,262.3333396,4713.473694,3.673341088
M25,Aegir_M25_B191,DOFINDKD_26.region001,Other,hserlactone,Bacteria,Pseudomonadota,Gammaproteobacteria,Methylococcales,Methylomonadaceae,Methylomarinum,0,4133.871288,34564.37391,4.538628695
M39,Aegir_M39_B149,EDJGDHEF_149.region001,Other,hserlactone,Bacteria,Pseudomonadota,Gammaproteobacteria,Methylococcales,Methylomonadaceae,Methylomarinum,0,481.7311877,5998.535734,3.77804525
M39,Aegir_M39_B149,EDJGDHEF_50.region001,Other,hserlactone,Bacteria,Pseudomonadota,Gammaproteobacteria,Methylococcales,Methylomonadaceae,Methylomarinum,0,101.7038859,1266.420795,3.102578033
M39,Aegir_M39_B108,ELMMPHKD_253.region001,Other,hserlactone,Bacteria,Pseudomonadota,Alphaproteobacteria,Rhodobacterales,Rhodobacteraceae,UBA3077,0,103.0861095,1283.632298,3.108440636
M39,Aegir_M39_B117,IAKFMJEM_125.region001,Other,hserlactone,Bacteria,Pseudomonadota,Alphaproteobacteria,Rhodobacterales,Rhodobacteraceae,Roseovarius,0,99.87551516,1243.653851,3.094699519
M39,Aegir_M39_B117,IAKFMJEM_197.region001,Other,hserlactone,Bacteria,Pseudomonadota,Alphaproteobacteria,Rhodobacterales,Rhodobacteraceae,Roseovarius,0,202.1084765,2516.662714,3.400825015
M39,Aegir_M39_B182,LIPJKAHJ_33.region001,Other,hserlactone,Bacteria,Pseudomonadota,Alphaproteobacteria,Rhodobacterales,Rhodobacteraceae,Profundibacter,Profundibacter amoris,241.1394902,3002.678435,3.477508825
M39,Aegir_M39_B182,LIPJKAHJ_67.region001,Other,hserlactone,Bacteria,Pseudomonadota,Alphaproteobacteria,Rhodobacterales,Rhodobacteraceae,Profundibacter,Profundibacter amoris,161.345206,2009.076863,3.302996552
M39,Aegir_M39_B55,NLFFCBIA_81.region001,Other,hserlactone,Bacteria,Pseudomonadota,Gammaproteobacteria,Methylococcales,Methylomonadaceae,QPIN01,0,137.5221101,1712.430735,3.233613014
M39,Aegir_M39_B146,OICIJIOO_157.region001,Other,hserlactone,Bacteria,Pseudomonadota,Gammaproteobacteria,Methylococcales,Methylomonadaceae,0,0,142.5128319,1774.575399,3.249094456
M33,Barite_M33_B42,BMMDGOPI_13.region001,Other,hserlactone,Bacteria,Pseudomonadota,Alphaproteobacteria,Micavibrionales,Micavibrionaceae,JAJRYK01,0,74.38182751,762.6862139,2.882345896
M33,Barite_M33_B88,CDIGHOGO_114.region001,Other,hserlactone,Bacteria,Pseudomonadota,Alphaproteobacteria,Rhodobacterales,Rhodobacteraceae,Amylibacter,0,75.23596255,771.444227,2.887304533
M33,Barite_M33_B2,JBFOKAIG_13.region001,Other,hserlactone,Bacteria,Pseudomonadota,Alphaproteobacteria,Caulobacterales,Maricaulaceae,Robiginitomaculum_A,0,75.20316888,771.1079718,2.887115193
M39,Aegir_M39_B102,HHBKGBCH_15.region001,Hybrid,hserlactone:RiPP-redox-cofactor,Bacteria,Pseudomonadota,Alphaproteobacteria,Rhodobacterales,Rhodobacteraceae,Oceanicella,0,39.3492732,489.9787006,2.690177202
M37,Aegir_M37_B54,LHGBMGDM_390.region001,Other,hydrogen-cyanide,Bacteria,Bacteroidota,Bacteroidia,Bacteroidales,GCA-2711565,GCA-2711565,0,11640.29171,86343.50345,4.936229666
M38,Aegir_M38_B72,JLHIKFCN_28.region001,Other,hydrogen-cyanide,Bacteria,Pseudomonadota,Gammaproteobacteria,Methylococcales,Methylomonadaceae,WTBX01,0,5950.98619,88580.33261,4.947337307
M38,Aegir_M38_B21,NIMPLCKH_3.region001,Other,hydrogen-cyanide,Bacteria,Pseudomonadota,Gammaproteobacteria,Methylococcales,Methylomonadaceae,QPIN01,0,719.3752945,10707.88955,4.029703883
M39,Aegir_M39_B196,BKLBJKCE_397.region001,Other,hydrogen-cyanide,Bacteria,Desulfobacterota,Desulfobacteria,Desulfobacterales,JAABRJ01,0,0,203.2211363,2530.517598,3.403209362
M39,Aegir_M39_B23,CIBCBEEE_156.region001,Other,hydrogen-cyanide,Bacteria,Pseudomonadota,Gammaproteobacteria,Methylococcales,Methylomonadaceae,0,0,1945.876105,24230.12594,4.384355672
M39,Aegir_M39_B184,EDPJEEBL_131.region001,Other,hydrogen-cyanide,Archaea,Asgardarchaeota,Heimdallarchaeia,UBA460,UBA460,0,0,381.1678679,4746.317312,3.676356769
M39,Aegir_M39_B123,GAPCFIGP_110.region001,Other,hydrogen-cyanide,Bacteria,Desulfobacterota,DSM-4660,Desulfatiglandales,Desulfatiglandaceae,B46-G9,0,116.7261308,1453.478381,3.162408577
M39,Aegir_M39_B192,HEEDOPCH_142.region001,Other,hydrogen-cyanide,Bacteria,Pseudomonadota,Gammaproteobacteria,Methylococcales,Methylomonadaceae,QPIN01,0,519.2652604,6465.911487,3.810629755
M39,Aegir_M39_B109,ICBCKKKK_30.region001,Other,hydrogen-cyanide,Bacteria,Bacteroidota,Bacteroidia,Bacteroidales,JAADJA01,JAADJA01,0,350.1906963,4360.588352,3.63954509
M39,Aegir_M39_B154,IPGEANND_7.region001,Other,hydrogen-cyanide,Bacteria,Krumholzibacteriota,Krumholzibacteria,Krumholzibacteriales,Krumholzibacteriaceae,4484-7,0,249.0822564,3101.582073,3.491583278
M39,Aegir_M39_B144,LEDLLEGN_61.region001,Other,hydrogen-cyanide,Bacteria,Pseudomonadota,Gammaproteobacteria,Chromatiales,Sedimenticolaceae,Thiolapillus,0,779.3851586,9704.934711,3.986992618
M39,Aegir_M39_B38,LLKGMAIK_200.region001,Other,hydrogen-cyanide,Bacteria,Chloroflexota,Anaerolineae,B4-G1,B4-G1,B4-G1,0,178.0417544,2216.982942,3.345762352
M39,Aegir_M39_B146,OICIJIOO_102.region001,Other,hydrogen-cyanide,Bacteria,Pseudomonadota,Gammaproteobacteria,Methylococcales,Methylomonadaceae,0,0,406.2434747,5058.559757,3.704026885
M39,Aegir_M39_B180,PILMEDLM_183.region001,Other,hydrogen-cyanide,Bacteria,Desulfobacterota,DSM-4660,Desulfatiglandales,Desulfatiglandaceae,B111-G9,0,592.1326883,7373.25957,3.867659523
M33,Barite_M33_B85,CMOCHALP_315.region001,Other,hydrogen-cyanide,Bacteria,Pseudomonadota,Gammaproteobacteria,Pseudomonadales,Pseudohongiellaceae,UBA9145,0,722.0623255,7403.783958,3.869453738
M33,Barite_M33_B6,LPIDFHMF_27.region001,Other,hydrogen-cyanide,Bacteria,Pseudomonadota,Gammaproteobacteria,Methylococcales,Methylomonadaceae,QPIN01,0,178.2158879,1827.365707,3.26182547
M33,Barite_M33_B89,EMEEGMFL_525.region001,Hybrid,hydrogen-cyanide:NRPS:transAT-PKS,Bacteria,Pseudomonadota,Gammaproteobacteria,Enterobacterales,Alteromonadaceae,JABSOG01,0,119.0684163,1220.887449,3.086675629
M36,Aegir_M36_B50,ECGDAIFI_37.region001,RiPP,lanthipeptide,Bacteria,Bacteroidota,Bacteroidia,Cytophagales,Cyclobacteriaceae,JAKISE01,0,2511.77394,17543.21371,4.244109154
M36,Aegir_M36_B69,GLOGLBCN_2.region001,RiPP,lanthipeptide,Bacteria,Bacteroidota,Bacteroidia,Flavobacteriales,Parvicellaceae,S010-51,0,3578.182391,24991.42832,4.397791078
M37,Aegir_M37_B30,MNOMKIBA_153.region001,RiPP,lanthipeptide,Bacteria,Bacteroidota,Bacteroidia,Flavobacteriales,Flavobacteriaceae,Maribacter_C,0,3203.577756,23762.98928,4.375901072
M33,Barite_M33_B115,BIPDNBCM_163.region001,RiPP,lanthipeptide,Bacteria,Bacteroidota,Bacteroidia,Flavobacteriales,Salibacteraceae,CAJXZP01,0,93.10997368,954.7183187,2.979875256
M33,Barite_M33_B21,PKDJBPAN_94.region001,RiPP,lanthipeptide,Bacteria,Bacteroidota,Bacteroidia,Cytophagales,Cyclobacteriaceae,Roseivirga,0,58.67796663,601.6641122,2.779354108
M33,Barite_M33_B58,LMIOODIL_163.region001,RiPP,lassopeptide,Bacteria,Myxococcota,Bradymonadia,UBA4248,0,0,0,108.8534897,1116.147031,3.047721408
M33,Barite_M33_B69,FHIEFOOH_102.region001,Hybrid,lassopeptide:RRE-containing,Bacteria,Pseudomonadota,Gammaproteobacteria,Arenicellales,Arenicellaceae,Arenicella,Arenicella sp016763815,254.2023461,2606.505263,3.416058606
M37,Aegir_M37_B22,NLCMHHHC_240.region001,Other,NAPAA,Bacteria,Pseudomonadota,Gammaproteobacteria,Thiotrichales,Thiotrichaceae,HyVt-477,0,10910.36048,80929.13575,4.908104903
M24,Aegir_M24_B12,AMEDOMHJ_272.region001,NRP,NRP generic,Bacteria,Pseudomonadota,Gammaproteobacteria,SZUA-229,SZUA-229,GCA-2746365,0,1079.01404,19387.18236,4.287514695
M24,Aegir_M24_B127,DHLFLHGA_556.region001,NRP,NRP generic,Bacteria,Planctomycetota,GCA-2746535,GCA-2746535,GCA-2746535,GCA-2746535,0,910.6373369,16361.87432,4.213833052
M24,Aegir_M24_B58,GNKANFNI_27.region001,NRP,NRP generic,Bacteria,Pseudomonadota,Gammaproteobacteria,Methylococcales,Methylomonadaceae,WTBX01,0,5040.576642,90566.54955,4.956967822
M24,Aegir_M24_B70,KKGMONJA_202.region001,NRP,NRP generic,Bacteria,Campylobacterota,Campylobacteria,Campylobacterales,Sulfurimonadaceae,GCA-2733885,0,1872.406717,33642.4635,4.52688779
M24,Aegir_M24_B75,NCJJNLBN_17.region001,NRP,NRP generic,Bacteria,Pseudomonadota,Gammaproteobacteria,Methylococcales,Methylomonadaceae,WTBX01,0,330.1761886,5932.439931,3.773233349
M25,Aegir_M25_B188,DCCNGCIG_256.region001,NRP,NRP generic,Bacteria,KSB1,UBA2214,JACIZP01,JADDFT01,JADDFT01,0,2563.077333,21430.55677,4.331033454
M25,Aegir_M25_B125,EBNFPCOF_168.region001,NRP,NRP generic,Bacteria,Chloroflexota,Anaerolineae,4572-78,J111,J111,0,1278.811626,10692.47689,4.02907832
M25,Aegir_M25_B56,NICDANKK_55.region001,NRP,NRP generic,Bacteria,Calditrichota,Calditrichia,RBG-13-44-9,J042,WGBF01,0,3213.698067,26870.56608,4.429276816
M25,Aegir_M25_B56,NICDANKK_66.region001,NRP,NRP generic,Bacteria,Calditrichota,Calditrichia,RBG-13-44-9,J042,WGBF01,0,18399.71542,153844.8102,5.18708285
M36,Aegir_M36_B66,EOCGDEIA_30.region001,NRP,NRP generic,Bacteria,Campylobacterota,Campylobacteria,Campylobacterales,Sulfurovaceae,SZUA-451,0,1726.432896,12058.08404,4.081278306
M36,Aegir_M36_B66,EOCGDEIA_59.region001,NRP,NRP generic,Bacteria,Campylobacterota,Campylobacteria,Campylobacterales,Sulfurovaceae,SZUA-451,0,5094.399218,35581.28093,4.551221579
M37,Aegir_M37_B9,EMJIGOFO_71.region001,NRP,NRP generic,Bacteria,Pseudomonadota,Gammaproteobacteria,Methylococcales,Methylomonadaceae,QPIN01,0,1201.19543,8910.036308,3.949879474
M38,Aegir_M38_B30,APGDIBME_12.region001,NRP,NRP generic,Bacteria,Pseudomonadota,Gammaproteobacteria,Methylococcales,Methylomonadaceae,WTBX01,0,112.7625182,1678.468248,3.22491313
M38,Aegir_M38_B26,BHAGBGDA_6.region001,NRP,NRP generic,Bacteria,Pseudomonadota,Gammaproteobacteria,Methylococcales,Methylomonadaceae,Methyloprofundus,0,434.718346,6470.775507,3.810956333
M38,Aegir_M38_B66,EMLCJMHO_100.region001,NRP,NRP generic,Bacteria,Desulfobacterota,Desulfobulbia,Desulfobulbales,Desulfurivibrionaceae,0,0,419.4402151,6243.360777,3.795418432
M38,Aegir_M38_B43,NPMKINEH_135.region001,NRP,NRP generic,Bacteria,Pseudomonadota,Zetaproteobacteria,Mariprofundales,Mariprofundaceae,Mariprofundus,0,273.6549943,4073.350137,3.609951743
M38,Aegir_M38_B43,NPMKINEH_226.region001,NRP,NRP generic,Bacteria,Pseudomonadota,Zetaproteobacteria,Mariprofundales,Mariprofundaceae,Mariprofundus,0,321.9678676,4792.486471,3.680560896
M38,Aegir_M38_B101,OPDMMHKB_58.region001,NRP,NRP generic,Bacteria,Pseudomonadota,Gammaproteobacteria,Enterobacterales_A,Kangiellaceae,GCA-002733465,0,213.442616,3177.089866,3.502029499
M39,Aegir_M39_B192,HEEDOPCH_120.region001,NRP,NRP generic,Bacteria,Pseudomonadota,Gammaproteobacteria,Methylococcales,Methylomonadaceae,QPIN01,0,37.91148366,472.0752886,2.674011267
M39,Aegir_M39_B102,HHBKGBCH_73.region001,NRP,NRP generic,Bacteria,Pseudomonadota,Alphaproteobacteria,Rhodobacterales,Rhodobacteraceae,Oceanicella,0,46.23367108,575.7034943,2.760198865
M39,Aegir_M39_B25,IAPKAMMO_326.region001,NRP,NRP generic,Bacteria,Planctomycetota,JADGBV01,JADGBV01,JADGBV01,0,0,158.1576281,1969.385018,3.29433063
M39,Aegir_M39_B112,ICNECMED_130.region001,NRP,NRP generic,Bacteria,Calditrichota,Calditrichia,Calditrichales,Calditrichaceae,JANTFQ01,0,196.6631766,2448.857625,3.388963536
M39,Aegir_M39_B15,JKANDIBI_276.region001,NRP,NRP generic,Bacteria,KSB1,UBA2214,UBA2214,Zgenome-0027,JAJRST01,0,53.16805582,662.0507264,2.820891266
M39,Aegir_M39_B15,JKANDIBI_61.region001,NRP,NRP generic,Bacteria,KSB1,UBA2214,UBA2214,Zgenome-0027,JAJRST01,0,143.3367476,1784.83483,3.251598032
M39,Aegir_M39_B29,LDFDGFAA_263.region001,NRP,NRP generic,Bacteria,Calditrichota,Calditrichia,Calditrichales,Calditrichaceae,Caldithrix,0,326.8974846,4070.540361,3.609652065
M39,Aegir_M39_B125,LGFNCOND_229.region001,NRP,NRP generic,Bacteria,KSB1,UBA2214,JACIZP01,JADDFT01,JADDFT01,0,44.07699122,548.8484317,2.739452428
M39,Aegir_M39_B55,NLFFCBIA_4.region001,NRP,NRP generic,Bacteria,Pseudomonadota,Gammaproteobacteria,Methylococcales,Methylomonadaceae,QPIN01,0,113.6955284,1415.7412,3.150983871
M39,Aegir_M39_B174,PAJIPFJH_141.region001,NRP,NRP generic,Bacteria,Pseudomonadota,Gammaproteobacteria,Methylococcales,Methylomonadaceae,0,0,41.82203903,520.7696782,2.716645689
M39,Aegir_M39_B63,PMCGENNM_191.region001,NRP,NRP generic,Bacteria,Bacteroidota,Ignavibacteria,Ignavibacteriales,Melioribacteraceae,GCA-2746605,0,221.3658806,2756.456669,3.44035117
M39,Aegir_M39_B63,PMCGENNM_264.region001,NRP,NRP generic,Bacteria,Bacteroidota,Ignavibacteria,Ignavibacteriales,Melioribacteraceae,GCA-2746605,0,243.8772979,3036.769724,3.482411861
M33,Barite_M33_B31,ALBGKPPL_221.region001,NRP,NRP generic,Bacteria,Pseudomonadota,Gammaproteobacteria,Enterobacterales,Kangiellaceae,GCA-002733465,0,223.0066108,2286.634698,3.359196789
M33,Barite_M33_B89,EMEEGMFL_242.region001,NRP,NRP generic,Bacteria,Pseudomonadota,Gammaproteobacteria,Enterobacterales,Alteromonadaceae,JABSOG01,0,247.7337318,2540.178271,3.404864197
M33,Barite_M33_B89,EMEEGMFL_269.region001,NRP,NRP generic,Bacteria,Pseudomonadota,Gammaproteobacteria,Enterobacterales,Alteromonadaceae,JABSOG01,0,112.7829046,1156.437929,3.063122327
M33,Barite_M33_B89,EMEEGMFL_318.region001,NRP,NRP generic,Bacteria,Pseudomonadota,Gammaproteobacteria,Enterobacterales,Alteromonadaceae,JABSOG01,0,203.9126764,2090.851924,3.320323277
M33,Barite_M33_B89,EMEEGMFL_372.region001,NRP,NRP generic,Bacteria,Pseudomonadota,Gammaproteobacteria,Enterobacterales,Alteromonadaceae,JABSOG01,0,699.2997213,7170.383878,3.855542407
M33,Barite_M33_B89,EMEEGMFL_403.region001,NRP,NRP generic,Bacteria,Pseudomonadota,Gammaproteobacteria,Enterobacterales,Alteromonadaceae,JABSOG01,0,416.4105742,4269.733816,3.630400801
M33,Barite_M33_B89,EMEEGMFL_414.region001,NRP,NRP generic,Bacteria,Pseudomonadota,Gammaproteobacteria,Enterobacterales,Alteromonadaceae,JABSOG01,0,212.8866234,2182.867755,3.339027425
M33,Barite_M33_B89,EMEEGMFL_503.region001,NRP,NRP generic,Bacteria,Pseudomonadota,Gammaproteobacteria,Enterobacterales,Alteromonadaceae,JABSOG01,0,128.0338911,1312.816408,3.118203996
M33,Barite_M33_B89,EMEEGMFL_559.region001,NRP,NRP generic,Bacteria,Pseudomonadota,Gammaproteobacteria,Enterobacterales,Alteromonadaceae,JABSOG01,0,52.83772394,541.7802301,2.733823153
M33,Barite_M33_B89,EMEEGMFL_56.region001,NRP,NRP generic,Bacteria,Pseudomonadota,Gammaproteobacteria,Enterobacterales,Alteromonadaceae,JABSOG01,0,768.1400104,7876.249024,3.896319439
M33,Barite_M33_B89,EMEEGMFL_634.region001,NRP,NRP generic,Bacteria,Pseudomonadota,Gammaproteobacteria,Enterobacterales,Alteromonadaceae,JABSOG01,0,510.4520155,5234.003091,3.718833975
M33,Barite_M33_B89,EMEEGMFL_637.region001,NRP,NRP generic,Bacteria,Pseudomonadota,Gammaproteobacteria,Enterobacterales,Alteromonadaceae,JABSOG01,0,183.5238188,1881.791443,3.274571489
M33,Barite_M33_B89,EMEEGMFL_647.region001,NRP,NRP generic,Bacteria,Pseudomonadota,Gammaproteobacteria,Enterobacterales,Alteromonadaceae,JABSOG01,0,525.836448,5391.749882,3.731729737
M33,Barite_M33_B89,EMEEGMFL_767.region001,NRP,NRP generic,Bacteria,Pseudomonadota,Gammaproteobacteria,Enterobacterales,Alteromonadaceae,JABSOG01,0,445.1820617,4564.746961,3.659416708
M33,Barite_M33_B89,EMEEGMFL_880.region001,NRP,NRP generic,Bacteria,Pseudomonadota,Gammaproteobacteria,Enterobacterales,Alteromonadaceae,JABSOG01,0,634.3116957,6504.018546,3.813181771
M33,Barite_M33_B89,EMEEGMFL_892.region001,NRP,NRP generic,Bacteria,Pseudomonadota,Gammaproteobacteria,Enterobacterales,Alteromonadaceae,JABSOG01,0,271.2305731,2781.10697,3.444217693
M33,Barite_M33_B97,FAPGKHBG_142.region001,NRP,NRP generic,Bacteria,Pseudomonadota,Gammaproteobacteria,Xanthomonadales,Marinicellaceae,NORP309,0,1274.872768,13072.11609,4.116345896
M33,Barite_M33_B97,FAPGKHBG_151.region001,NRP,NRP generic,Bacteria,Pseudomonadota,Gammaproteobacteria,Xanthomonadales,Marinicellaceae,NORP309,0,2291.10296,23492.19831,4.370923658
M33,Barite_M33_B97,FAPGKHBG_171.region001,NRP,NRP generic,Bacteria,Pseudomonadota,Gammaproteobacteria,Xanthomonadales,Marinicellaceae,NORP309,0,671.2370451,6882.638646,3.837754969
M33,Barite_M33_B97,FAPGKHBG_17.region001,NRP,NRP generic,Bacteria,Pseudomonadota,Gammaproteobacteria,Xanthomonadales,Marinicellaceae,NORP309,0,844.4610785,8658.819557,3.937458689
M33,Barite_M33_B97,FAPGKHBG_206.region001,NRP,NRP generic,Bacteria,Pseudomonadota,Gammaproteobacteria,Xanthomonadales,Marinicellaceae,NORP309,0,1652.495599,16944.13345,4.229019363
M33,Barite_M33_B97,FAPGKHBG_53.region001,NRP,NRP generic,Bacteria,Pseudomonadota,Gammaproteobacteria,Xanthomonadales,Marinicellaceae,NORP309,0,1670.639361,17130.17348,4.233761761
M33,Barite_M33_B97,FAPGKHBG_98.region001,NRP,NRP generic,Bacteria,Pseudomonadota,Gammaproteobacteria,Xanthomonadales,Marinicellaceae,NORP309,0,578.8611486,5935.447307,3.773453454
M33,Barite_M33_B69,FHIEFOOH_130.region001,NRP,NRP generic,Bacteria,Pseudomonadota,Gammaproteobacteria,Arenicellales,Arenicellaceae,Arenicella,Arenicella sp016763815,227.7326437,2335.093848,3.36830434
M33,Barite_M33_B74,GEAAAAEN_303.region001,NRP,NRP generic,Bacteria,Bacteroidota,Bacteroidia,J057,JADKCL01,0,0,74.59622555,764.8845792,2.883595905
M33,Barite_M33_B23,JICMBPMM_213.region001,NRP,NRP generic,Bacteria,Pseudomonadota,Gammaproteobacteria,Methylococcales,Methylomonadaceae,WTBX01,0,904.0554652,9269.880332,3.967074128
M33,Barite_M33_B38,JMMHIICP_88.region001,NRP,NRP generic,Bacteria,Pseudomonadota,Gammaproteobacteria,Enterobacterales,Kangiellaceae,GCA-002733465,0,77.3554702,793.1769448,2.899370082
M33,Barite_M33_B21,PKDJBPAN_103.region001,NRP,NRP generic,Bacteria,Bacteroidota,Bacteroidia,Cytophagales,Cyclobacteriaceae,Roseivirga,0,132.8841024,1362.548842,3.134352079
M33,Barite_M33_B21,PKDJBPAN_152.region001,NRP,NRP generic,Bacteria,Bacteroidota,Bacteroidia,Cytophagales,Cyclobacteriaceae,Roseivirga,0,50.66876692,519.5404752,2.715619387
M33,Barite_M33_B21,PKDJBPAN_85.region001,NRP,NRP generic,Bacteria,Bacteroidota,Bacteroidia,Cytophagales,Cyclobacteriaceae,Roseivirga,0,114.523465,1174.285049,3.069773531
M24,Aegir_M24_B45,DPHDEEHI_35.region001,NRP,NRPS-like,Bacteria,Myxococcota,Bradymonadia,Bradymonadales,Bradymonadaceae,CALJNB01,0,168.8468168,3033.754803,3.481980477
M24,Aegir_M24_B62,OOCMFLME_373.region001,NRP,NRPS-like,Bacteria,Pseudomonadota,Gammaproteobacteria,Methylococcales,Methylomonadaceae,QPIN01,0,1113.828854,20012.71744,4.301306064
M25,Aegir_M25_B64,NPKIOIOJ_12.region001,NRP,NRPS-like,Bacteria,Aquificota,Aquificae,Hydrogenothermales,Hydrogenothermaceae,Persephonella,0,3246.247338,27142.71901,4.433653351
M36,Aegir_M36_B46,AODPIKDL_115.region001,NRP,NRPS-like,Bacteria,Myxococcota,UBA727,UBA727,0,0,0,798.5976625,5577.719092,3.746456638
M36,Aegir_M36_B34,CHHKDDGB_45.region002,NRP,NRPS-like,Bacteria,Myxococcota,UBA796,UBA796,CAJQPC01,CAJQPC01,0,456.7321636,3189.996451,3.5037902
M37,Aegir_M37_B17,NGEBLNKK_39.region001,NRP,NRPS-like,Bacteria,Pseudomonadota,Gammaproteobacteria,Methylococcales,Methylomonadaceae,Methyloprofundus,0,1897.659237,14076.15471,4.148484031
M38,Aegir_M38_B95,NLOGALHF_173.region001,NRP,NRPS-like,Bacteria,Desulfobacterota,Desulfobulbia,Desulfobulbales,Desulfurivibrionaceae,0,0,699.0978143,10406.05959,4.017286309
M39,Aegir_M39_B110,BFEMGKGJ_12.region001,NRP,NRPS-like,Bacteria,Myxococcota,Polyangia,Haliangiales,Haliangiaceae,NORP324,0,58.76984143,731.8043816,2.864395005
M39,Aegir_M39_B17,CBJJPFKK_17.region001,NRP,NRPS-like,Bacteria,Aquificota,Aquificae,Hydrogenothermales,Hydrogenothermaceae,Persephonella,0,80.38760976,1000.989685,3.000429602
M39,Aegir_M39_B23,CIBCBEEE_111.region001,NRP,NRPS-like,Bacteria,Pseudomonadota,Gammaproteobacteria,Methylococcales,Methylomonadaceae,0,0,267.2918207,3328.328285,3.522226156
M39,Aegir_M39_B191,EEGHMLPD_225.region001,NRP,NRPS-like,Bacteria,Pseudomonadota,Gammaproteobacteria,Methylococcales,Methylomonadaceae,Methyloprofundus,Methyloprofundus sp900128525,3551.590402,44224.54365,4.64566336
M39,Aegir_M39_B150,GLJOBBPH_429.region001,NRP,NRPS-like,Bacteria,Pseudomonadota,Gammaproteobacteria,Beggiatoales,Beggiatoaceae,Thiomargarita,0,2632.534973,32780.42923,4.515614636
M39,Aegir_M39_B25,IAPKAMMO_313.region001,NRP,NRPS-like,Bacteria,Planctomycetota,JADGBV01,JADGBV01,JADGBV01,0,0,216.5466782,2696.44777,3.430792013
M39,Aegir_M39_B146,OICIJIOO_10.region001,NRP,NRPS-like,Bacteria,Pseudomonadota,Gammaproteobacteria,Methylococcales,Methylomonadaceae,0,0,97.86029445,1218.560243,3.085847005
M33,Barite_M33_B105,ADJNEHKA_168.region001,NRP,NRPS-like,Bacteria,Pseudomonadota,Gammaproteobacteria,Methylococcales,Methylomonadaceae,0,0,242.0946416,2482.356938,3.394864229
M33,Barite_M33_B87,BAIALBNB_118.region001,NRP,NRPS-like,Bacteria,Pseudomonadota,Gammaproteobacteria,Xanthomonadales,SZUA-36,SZUA-36,0,53.00546274,543.5001673,2.735199682
M33,Barite_M33_B102,BFHHFIMI_62.region001,NRP,NRPS-like,Bacteria,Planctomycetota,UBA1135,UBA1135,GCA-002686595,NORP259,0,107.8067852,1105.414476,3.043525148
M33,Barite_M33_B113,BMEKDGJI_3.region001,NRP,NRPS-like,Bacteria,Pseudomonadota,Gammaproteobacteria,Beggiatoales,Beggiatoaceae,0,0,45.03074069,461.7300525,2.664388142
M33,Barite_M33_B89,EMEEGMFL_660.region001,NRP,NRPS-like,Bacteria,Pseudomonadota,Gammaproteobacteria,Enterobacterales,Alteromonadaceae,JABSOG01,0,1335.163397,13690.31591,4.13641347
M33,Barite_M33_B89,EMEEGMFL_71.region001,NRP,NRPS-like,Bacteria,Pseudomonadota,Gammaproteobacteria,Enterobacterales,Alteromonadaceae,JABSOG01,0,492.4036883,5048.941621,3.703200349
M33,Barite_M33_B89,EMEEGMFL_748.region001,NRP,NRPS-like,Bacteria,Pseudomonadota,Gammaproteobacteria,Enterobacterales,Alteromonadaceae,JABSOG01,0,228.0503791,2338.351799,3.36890985
M33,Barite_M33_B97,FAPGKHBG_276.region001,NRP,NRPS-like,Bacteria,Pseudomonadota,Gammaproteobacteria,Xanthomonadales,Marinicellaceae,NORP309,0,2755.62561,28255.25715,4.451099264
M33,Barite_M33_B97,FAPGKHBG_290.region001,NRP,NRPS-like,Bacteria,Pseudomonadota,Gammaproteobacteria,Xanthomonadales,Marinicellaceae,NORP309,0,984.8854554,10098.68384,4.004264776
M33,Barite_M33_B97,FAPGKHBG_358.region001,NRP,NRPS-like,Bacteria,Pseudomonadota,Gammaproteobacteria,Xanthomonadales,Marinicellaceae,NORP309,0,2087.090096,21400.31909,4.330420249
M33,Barite_M33_B36,KPIBPLGM_307.region001,NRP,NRPS-like,Bacteria,Pseudomonadota,Alphaproteobacteria,Rhodobacterales,Rhodobacteraceae,UBA3077,0,479.4056904,4915.664527,3.691582236
M33,Barite_M33_B17,MANEPPGP_469.region001,NRP,NRPS-like,Bacteria,Planctomycetota,UBA1135,UBA1135,UBA1135,GCA-2746235,0,580.2672014,5949.8645,3.774507075
M33,Barite_M33_B92,MHCCMMMN_30.region001,NRP,NRPS-like,Bacteria,Pseudomonadota,Gammaproteobacteria,Methylococcales,Methylomonadaceae,Methyloprofundus,0,128.3619931,1316.180656,3.119315504
M33,Barite_M33_B35,MMHLBHKL_421.region001,NRP,NRPS-like,Bacteria,Pseudomonadota,Gammaproteobacteria,Methylococcales,Methylomonadaceae,Methyloprofundus,0,114.016817,1169.090051,3.067847965
M39,Aegir_M39_B23,CIBCBEEE_91.region001,Hybrid,NRPS-like:arylpolyene,Bacteria,Pseudomonadota,Gammaproteobacteria,Methylococcales,Methylomonadaceae,0,0,374.8036029,4667.069234,3.669044244
M25,Aegir_M25_B198,AFNHJEFG_35.region001,Hybrid,NRPS-like:RRE-containing,Bacteria,Aquificota,Aquificae,Hydrogenothermales,Hydrogenothermaceae,0,0,1236.665653,10340.08343,4.014524043
M39,Aegir_M39_B75,GOFKCKIN_92.region001,Hybrid,NRPS-like:T1PKS,Bacteria,Pseudomonadota,Gammaproteobacteria,Methylococcales,0,0,0,179.8031702,2238.916161,3.350037831
M39,Aegir_M39_B105,MEBADGCM_128.region001,Hybrid,NRPS-like:T1PKS,Bacteria,Planctomycetota,UBA1135,UBA1135,GCA-002686595,0,0,104.7832945,1304.765713,3.115532536
M39,Aegir_M39_B39,NPMBOLIF_73.region001,Hybrid,NRPS-like:T1PKS,Bacteria,Myxococcota_A,UBA9160,UBA9160,UBA4427,UBA4427,0,57.74829022,719.0839856,2.856779617
M33,Barite_M33_B88,CDIGHOGO_170.region001,Hybrid,NRPS-like:T1PKS,Bacteria,Pseudomonadota,Alphaproteobacteria,Rhodobacterales,Rhodobacteraceae,Amylibacter,0,37.90818395,388.6977541,2.589612031
M39,Aegir_M39_B166,GHHMGHBK_53.region001,Hybrid,NRPS:lanthipeptide,Bacteria,Pseudomonadota,Alphaproteobacteria,Rhodobacterales,Rhodobacteraceae,UBA3077,0,78.12117328,972.7679284,2.988009244
M33,Barite_M33_B89,EMEEGMFL_888.region001,Hybrid,NRPS:NRP-metallophore,Bacteria,Pseudomonadota,Gammaproteobacteria,Enterobacterales,Alteromonadaceae,JABSOG01,0,105.3528076,1080.252215,3.033525166
M33,Barite_M33_B97,FAPGKHBG_244.region001,Hybrid,NRPS:NRPS-like,Bacteria,Pseudomonadota,Gammaproteobacteria,Xanthomonadales,Marinicellaceae,NORP309,0,1483.991776,15216.35199,4.182310546
M33,Barite_M33_B23,JICMBPMM_2.region001,Hybrid,NRPS:NRPS-like,Bacteria,Pseudomonadota,Gammaproteobacteria,Methylococcales,Methylomonadaceae,WTBX01,0,1082.365015,11098.20642,4.045252798
M33,Barite_M33_B4,NGHILOBA_38.region001,Hybrid,NRPS:NRPS-like:RRE-containing,Bacteria,Pseudomonadota,Gammaproteobacteria,Arenicellales,Poriferihabitantaceae,JAAELZ01,0,128.7700435,1320.364667,3.120693894
M39,Aegir_M39_B63,PMCGENNM_184.region001,Hybrid,NRPS:NRPS-like:T1PKS,Bacteria,Bacteroidota,Ignavibacteria,Ignavibacteriales,Melioribacteraceae,GCA-2746605,0,105.2013659,1309.971555,3.117261865
M33,Barite_M33_B29,NJGHEJCP_235.region001,Hybrid,NRPS:NRPS-like:T1PKS,Bacteria,Pseudomonadota,Gammaproteobacteria,SZUA-229,SZUA-229,GCA-2746365,0,86.38156604,885.7274923,2.947300125
M33,Barite_M33_B29,NJGHEJCP_65.region001,Hybrid,NRPS:NRPS-like:T1PKS,Bacteria,Pseudomonadota,Gammaproteobacteria,SZUA-229,SZUA-229,GCA-2746365,0,66.37010733,680.5367328,2.832851572
M24,Aegir_M24_B72,AMCEHCFD_185.region001,Hybrid,NRPS:T1PKS,Bacteria,Bacteroidota,Bacteroidia,Flavobacteriales,Crocinitomicaceae,Crocinitomix,0,92.69007165,1665.408655,3.221520817
M24,Aegir_M24_B58,GNKANFNI_29.region001,Hybrid,NRPS:T1PKS,Bacteria,Pseudomonadota,Gammaproteobacteria,Methylococcales,Methylomonadaceae,WTBX01,0,2480.799603,44573.76133,4.649079283
M24,Aegir_M24_B62,OOCMFLME_168.region001,Hybrid,NRPS:T1PKS,Bacteria,Pseudomonadota,Gammaproteobacteria,Methylococcales,Methylomonadaceae,QPIN01,0,183.2371705,3292.313451,3.517501176
M39,Aegir_M39_B112,ICNECMED_48.region001,Hybrid,NRPS:T1PKS,Bacteria,Calditrichota,Calditrichia,Calditrichales,Calditrichaceae,JANTFQ01,0,153.2784419,1908.6292,3.280721564
M39,Aegir_M39_B15,JKANDIBI_129.region001,Hybrid,NRPS:T1PKS,Bacteria,KSB1,UBA2214,UBA2214,Zgenome-0027,JAJRST01,0,43.00547735,535.5058988,2.728764259
M39,Aegir_M39_B20,KNGHPBFF_139.region001,Hybrid,NRPS:T1PKS,Bacteria,Bacteroidota,Bacteroidia,Flavobacteriales,Crocinitomicaceae,Crocinitomix,0,171.8172909,2139.475677,3.330307354
M39,Aegir_M39_B105,MEBADGCM_146.region001,Hybrid,NRPS:T1PKS,Bacteria,Planctomycetota,UBA1135,UBA1135,GCA-002686595,0,0,66.4345532,827.2456745,2.917634505
M33,Barite_M33_B89,EMEEGMFL_543.region001,Hybrid,NRPS:T1PKS,Bacteria,Pseudomonadota,Gammaproteobacteria,Enterobacterales,Alteromonadaceae,JABSOG01,0,104.868983,1075.291241,3.031526108
M33,Barite_M33_B89,EMEEGMFL_557.region001,Hybrid,NRPS:T1PKS,Bacteria,Pseudomonadota,Gammaproteobacteria,Enterobacterales,Alteromonadaceae,JABSOG01,0,107.1188625,1098.360748,3.040745004
M33,Barite_M33_B69,FHIEFOOH_3.region001,Hybrid,NRPS:T1PKS,Bacteria,Pseudomonadota,Gammaproteobacteria,Arenicellales,Arenicellaceae,Arenicella,Arenicella sp016763815,197.7201287,2027.355625,3.306929936
M39,Aegir_M39_B147,FKCHBHNE_74.region001,Other,nucleoside,Archaea,Thermoplasmatota,E2,DHVEG-1,DHVEG-1,B44-G15,0,235.4987337,2932.439513,3.467229063
M33,Barite_M33_B90,MDJGNOFL_226.region001,Other,phosphonate,Bacteria,Bacteroidota,Bacteroidia,Cytophagales,Cyclobacteriaceae,0,0,731.3006426,7498.51055,3.874975007
M33,Barite_M33_B112,NPLDDKJN_303.region001,Other,phosphonate,Bacteria,Bacteroidota,Bacteroidia,Cytophagales,Cyclobacteriaceae,Reichenbachiella,0,221.7961764,2274.223311,3.356833107
M24,Aegir_M24_B52,JLMBNEBE_3.region001,Other,PUFA,Bacteria,Pseudomonadota,Gammaproteobacteria,Enterobacterales,Alteromonadaceae,Colwellia,0,1016.582494,18265.44368,4.261630226
M24,Aegir_M24_B58,GNKANFNI_31.region001,RiPP,ranthipeptide,Bacteria,Pseudomonadota,Gammaproteobacteria,Methylococcales,Methylomonadaceae,WTBX01,0,3669.303979,65928.21104,4.819071291
M36,Aegir_M36_B15,LAPKCFCO_69.region001,RiPP,ranthipeptide,Bacteria,Myxococcota,Polyangia,HGW-17,HGW-17,0,0,1533.065149,10707.5279,4.029689215
M37,Aegir_M37_B40,LOEOMKJD_89.region001,RiPP,ranthipeptide,Bacteria,Fermentibacterota,Fermentibacteria,Fermentibacterales,Fermentibacteraceae,Sabulitectum,0,23840.36492,176839.2651,5.247578701
M38,Aegir_M38_B4,CCEEDJDB_76.region001,RiPP,ranthipeptide,Archaea,Halobacteriota,Syntropharchaeia,ANME-1,ANME-1,G60ANME1,0,248.5206806,3699.226288,3.568110899
M38,Aegir_M38_B73,GACEDKPE_18.region001,RiPP,ranthipeptide,Bacteria,Pseudomonadota,Gammaproteobacteria,Methylococcales,Methylomonadaceae,0,0,247.2624951,3680.498216,3.565906612
M38,Aegir_M38_B75,IBOODKDA_98.region001,RiPP,ranthipeptide,Bacteria,Pseudomonadota,Zetaproteobacteria,Mariprofundales,Mariprofundaceae,GCA-2401635,0,260.5123235,3877.721697,3.588576637
M38,Aegir_M38_B72,JLHIKFCN_72.region001,RiPP,ranthipeptide,Bacteria,Pseudomonadota,Gammaproteobacteria,Methylococcales,Methylomonadaceae,WTBX01,0,7355.915995,109492.6899,5.039385125
M39,Aegir_M39_B53,DHNEMAIL_97.region001,RiPP,ranthipeptide,Bacteria,Pseudomonadota,Gammaproteobacteria,Nitrosococcales,Methylophagaceae,GCA-002733105,0,1453.815481,18102.96766,4.257749776
M39,Aegir_M39_B142,GEPOGDIE_170.region001,RiPP,ranthipeptide,Bacteria,Fermentibacterota,Fermentibacteria,Fermentibacterales,Fermentibacteraceae,Sabulitectum,0,221.4839424,2757.92678,3.440582732
M39,Aegir_M39_B71,OEDHKPFD_39.region001,RiPP,ranthipeptide,Bacteria,Pseudomonadota,Gammaproteobacteria,Methylococcales,Methylomonadaceae,QPIN01,QPIN01 sp021647585,278.4093804,3466.764577,3.53992435
M33,Barite_M33_B62,AGFGDEPP_5.region001,RiPP,ranthipeptide,Bacteria,Pseudomonadota,Alphaproteobacteria,Sphingomonadales,Emcibacteraceae,Paremcibacter,0,72.31383743,741.4817399,2.87010046
M33,Barite_M33_B23,JICMBPMM_201.region001,RiPP,ranthipeptide,Bacteria,Pseudomonadota,Gammaproteobacteria,Methylococcales,Methylomonadaceae,WTBX01,0,1996.650419,20472.9811,4.311181086
M24,Aegir_M24_B131,CIIHKDJI_39.region001,RiPP,redox-cofactor,Bacteria,Pseudomonadota,Gammaproteobacteria,Nitrosococcales,Methylophagaceae,GCA-002733105,0,469.176951,8429.935819,3.925824268
M24,Aegir_M24_B122,FDEIFABP_83.region001,RiPP,redox-cofactor,Bacteria,Pseudomonadota,Gammaproteobacteria,Methylococcales,Methylomonadaceae,Methyloprofundus,0,1234.647163,22183.52013,4.346030462
M24,Aegir_M24_B44,LIEFECIJ_32.region001,RiPP,redox-cofactor,Bacteria,Pseudomonadota,Gammaproteobacteria,Methylococcales,Methylomonadaceae,QPIN01,0,221.5775792,3981.194659,3.600013413
M24,Aegir_M24_B84,NEHKBEFE_18.region001,RiPP,redox-cofactor,Bacteria,Pseudomonadota,Gammaproteobacteria,Nitrosococcales,Methylophagaceae,GCA-002733105,0,465.4128445,8362.304243,3.922325964
M25,Aegir_M25_B191,DOFINDKD_55.region001,RiPP,redox-cofactor,Bacteria,Pseudomonadota,Gammaproteobacteria,Methylococcales,Methylomonadaceae,Methylomarinum,0,8961.215858,74927.05845,4.874638683
M36,Aegir_M36_B12,GOFJAIOF_12.region001,RiPP,redox-cofactor,Bacteria,Pseudomonadota,Gammaproteobacteria,Nitrosococcales,Methylophagaceae,GCA-002733105,0,10731.72477,74954.57217,4.87479813
M36,Aegir_M36_B9,IJMCNGDJ_130.region001,RiPP,redox-cofactor,Bacteria,Pseudomonadota,Gammaproteobacteria,Methylococcales,Methylomonadaceae,Methyloprofundus,0,14727.16093,102860.2644,5.012247636
M37,Aegir_M37_B12,GGOKCDCL_209.region001,RiPP,redox-cofactor,Bacteria,Pseudomonadota,Gammaproteobacteria,Methylococcales,Methylomonadaceae,Methyloprofundus,Methyloprofundus sp900128525,33073.88706,245330.2163,5.389751042
M38,Aegir_M38_B22,HBKOMCGO_20.region001,RiPP,redox-cofactor,Bacteria,Pseudomonadota,Gammaproteobacteria,Nitrosococcales,Methylophagaceae,GCA-002733105,0,143.0645865,2129.514042,3.328280508
M38,Aegir_M38_B21,NIMPLCKH_54.region001,RiPP,redox-cofactor,Bacteria,Pseudomonadota,Gammaproteobacteria,Methylococcales,Methylomonadaceae,QPIN01,0,285.3191187,4246.97044,3.628079238
M39,Aegir_M39_B23,CIBCBEEE_22.region001,RiPP,redox-cofactor,Bacteria,Pseudomonadota,Gammaproteobacteria,Methylococcales,Methylomonadaceae,0,0,1410.246683,17560.44728,4.244535573
M39,Aegir_M39_B149,EDJGDHEF_25.region001,RiPP,redox-cofactor,Bacteria,Pseudomonadota,Gammaproteobacteria,Methylococcales,Methylomonadaceae,Methylomarinum,0,292.2123082,3638.639178,3.560938991
M39,Aegir_M39_B191,EEGHMLPD_89.region001,RiPP,redox-cofactor,Bacteria,Pseudomonadota,Gammaproteobacteria,Methylococcales,Methylomonadaceae,Methyloprofundus,Methyloprofundus sp900128525,4687.077522,58363.67402,4.766142623
M39,Aegir_M39_B146,OICIJIOO_28.region001,RiPP,redox-cofactor,Bacteria,Pseudomonadota,Gammaproteobacteria,Methylococcales,Methylomonadaceae,0,0,156.084526,1943.570669,3.288600336
M25,Aegir_M25_B40,EJKDLJJF_58.region001,Other,resorcinol,Bacteria,Bacteroidota,Bacteroidia,Flavobacteriales,Flavobacteriaceae,Lutimonas,0,9663.703131,80800.7374,4.907415324
M36,Aegir_M36_B17,PFPLAJGA_35.region001,Other,resorcinol,Bacteria,Pseudomonadota,Gammaproteobacteria,Nitrosococcales,Methylophagaceae,GCA-002733105,0,991.8430825,6927.42085,3.840571572
M39,Aegir_M39_B53,DHNEMAIL_61.region001,Other,resorcinol,Bacteria,Pseudomonadota,Gammaproteobacteria,Nitrosococcales,Methylophagaceae,GCA-002733105,0,800.4041022,9966.663424,3.998549792
M33,Barite_M33_B82,OKJDKIPL_74.region001,Other,resorcinol,Bacteria,Bacteroidota,Bacteroidia,Flavobacteriales,Cryomorphaceae,Cryomorpha,0,393.7107077,4036.977029,3.606056278
M33,Barite_M33_B68,OLFOFOJF_101.region001,Other,resorcinol,Bacteria,Campylobacterota,Campylobacteria,Campylobacterales,Sulfurimonadaceae,Sulfurimonas,0,157.0489209,1610.326755,3.206914009
M24,Aegir_M24_B68,BPKPMAHG_91.region001,RiPP,RiPP-like,Bacteria,Campylobacterota,Campylobacteria,Campylobacterales,Sulfurovaceae,Sulfurovum,0,1036.136289,18616.77646,4.269904484
M24,Aegir_M24_B122,FDEIFABP_79.region001,RiPP,RiPP-like,Bacteria,Pseudomonadota,Gammaproteobacteria,Methylococcales,Methylomonadaceae,Methyloprofundus,0,934.9534206,16798.7735,4.225277574
M24,Aegir_M24_B58,GNKANFNI_62.region001,RiPP,RiPP-like,Bacteria,Pseudomonadota,Gammaproteobacteria,Methylococcales,Methylomonadaceae,WTBX01,0,13099.60033,235367.0396,5.371745645
M24,Aegir_M24_B13,HMPFCKPD_12.region001,RiPP,RiPP-like,Bacteria,Pseudomonadota,Gammaproteobacteria,Beggiatoales,Beggiatoaceae,0,0,832.6755197,14961.09554,4.174963396
M25,Aegir_M25_B196,DNAEBAJA_236.region001,RiPP,RiPP-like,Bacteria,Campylobacterota,Campylobacteria,Campylobacterales,Sulfurimonadaceae,Sulfurimonas,0,17301.63673,144663.4885,5.160358934
M25,Aegir_M25_B63,ECEBLJCB_19.region001,RiPP,RiPP-like,Archaea,Thermoproteota,Thermoprotei_A,Sulfolobales,Pyrodictiaceae,Pyrolobus,0,7407.846391,61938.93198,4.791963713
M25,Aegir_M25_B131,LMAEHAIC_44.region001,RiPP,RiPP-like,Bacteria,Aquificota,Aquificae,Hydrogenothermales,Hydrogenothermaceae,Hydrogenothermus,0,3549.094626,29674.90402,4.472389323
M25,Aegir_M25_B121,MGAKDEPC_75.region001,RiPP,RiPP-like,Bacteria,Desulfobacterota,Dissulfuribacteria,Dissulfuribacterales,S140-46,S140-46,0,7904.138607,66088.56039,4.820126292
M36,Aegir_M36_B48,IGGOJNFL_34.region001,RiPP,RiPP-like,Bacteria,Campylobacterota,Campylobacteria,Campylobacterales,Sulfurospirillaceae,Sulfurospirillum_A,0,30944.9026,216131.3289,5.334717724
M36,Aegir_M36_B57,IIFEMMGK_13.region001,RiPP,RiPP-like,Bacteria,Campylobacterota,Campylobacteria,Campylobacterales,Sulfurovaceae,Sulfurovum,0,17720.54697,123767.2458,5.092605727
M36,Aegir_M36_B1,KLDNEJDF_28.region001,RiPP,RiPP-like,Bacteria,Pseudomonadota,Gammaproteobacteria,Methylococcales,Cycloclasticaceae,Cycloclasticus,0,1874.888678,13094.95741,4.11710409
M36,Aegir_M36_B20,MGLIJNGM_128.region001,RiPP,RiPP-like,Bacteria,Campylobacterota,Campylobacteria,Campylobacterales,Sulfurovaceae,Sulfurovum,0,9813.976083,68544.65564,4.835973599
M36,Aegir_M36_B17,PFPLAJGA_84.region001,RiPP,RiPP-like,Bacteria,Pseudomonadota,Gammaproteobacteria,Nitrosococcales,Methylophagaceae,GCA-002733105,0,5797.773655,40493.92369,4.60738986
M37,Aegir_M37_B5,EBBODCAE_74.region001,RiPP,RiPP-like,Bacteria,UBA3054,UBA3054,UBA3054,B51-G9,0,0,13870.49122,102886.3225,5.012357645
M37,Aegir_M37_B46,FJIODLBK_30.region001,RiPP,RiPP-like,Bacteria,Pseudomonadota,Alphaproteobacteria,Rhodobacterales,Rhodobacteraceae,Profundibacter,0,9691.847702,71890.64559,4.856672384
M37,Aegir_M37_B56,LAJLOBNE_247.region001,RiPP,RiPP-like,Bacteria,Desulfobacterota,Desulfobacteria,Desulfobacterales,Desulfosalsimonadaceae,SURF-3,0,9690.955431,71884.02704,4.856632399
M38,Aegir_M38_B4,CCEEDJDB_27.region001,RiPP,RiPP-like,Archaea,Halobacteriota,Syntropharchaeia,ANME-1,ANME-1,G60ANME1,0,1420.277011,21140.8002,4.325121422
M38,Aegir_M38_B77,IEOKNLIK_35.region001,RiPP,RiPP-like,Bacteria,Campylobacterota,Campylobacteria,Campylobacterales,Sulfurimonadaceae,Sulfurimonas,0,1379.542489,20534.4675,4.312483445
M38,Aegir_M38_B47,IIPPKAGC_14.region001,RiPP,RiPP-like,Bacteria,Campylobacterota,Campylobacteria,Campylobacterales,Sulfurimonadaceae,Sulfurimonas,0,1821.344334,27110.68078,4.433140423
M38,Aegir_M38_B1,KIECNAKK_93.region001,RiPP,RiPP-like,Bacteria,Campylobacterota,Campylobacteria,Campylobacterales,Sulfurimonadaceae,Sulfurimonas,0,1612.292115,23998.9419,4.380192094
M38,Aegir_M38_B84,LMKJOADE_40.region001,RiPP,RiPP-like,Bacteria,Pseudomonadota,Gammaproteobacteria,0,0,0,0,14383.863,214103.5667,5.330623902
M38,Aegir_M38_B38,LMPFGBPF_136.region001,RiPP,RiPP-like,Bacteria,Pseudomonadota,Alphaproteobacteria,Rhodobacterales,Rhodobacteraceae,UBA3077,0,1649.430122,24551.74053,4.390082286
M38,Aegir_M38_B38,LMPFGBPF_9.region001,RiPP,RiPP-like,Bacteria,Pseudomonadota,Alphaproteobacteria,Rhodobacterales,Rhodobacteraceae,UBA3077,0,680.51515,10129.45693,4.005586162
M38,Aegir_M38_B50,ONIMNOCE_75.region001,RiPP,RiPP-like,Bacteria,Pseudomonadota,Gammaproteobacteria,GCA-001735895,GCA-001735895,0,0,304.4014934,4531.011276,3.656195143
M39,Aegir_M39_B99,AAIIPECO_2.region001,RiPP,RiPP-like,Bacteria,Desulfobacterota,Desulfobacteria,Desulfobacterales,Desulfosarcinaceae,0,0,221.2479446,2754.988126,3.440119731
M39,Aegir_M39_B93,AMDMEECB_147.region001,RiPP,RiPP-like,Bacteria,Campylobacterota,Campylobacteria,Campylobacterales,Sulfurovaceae,Sulfurovum,0,972.9855429,12115.65433,4.083346874
M39,Aegir_M39_B45,BHJKMAJD_66.region001,RiPP,RiPP-like,Archaea,Halobacteriota,Syntropharchaeia,ANME-1,ANME-1,G60ANME1,0,1189.069125,14806.33561,4.170447589
M39,Aegir_M39_B196,BKLBJKCE_217.region001,RiPP,RiPP-like,Bacteria,Desulfobacterota,Desulfobacteria,Desulfobacterales,JAABRJ01,0,0,139.637657,1738.773608,3.24024304
M39,Aegir_M39_B23,CIBCBEEE_109.region001,RiPP,RiPP-like,Bacteria,Pseudomonadota,Gammaproteobacteria,Methylococcales,Methylomonadaceae,0,0,939.6857973,11701.00458,4.068223149
M39,Aegir_M39_B53,DHNEMAIL_207.region001,RiPP,RiPP-like,Bacteria,Pseudomonadota,Gammaproteobacteria,Nitrosococcales,Methylophagaceae,GCA-002733105,0,298.4422508,3716.214669,3.570100793
M39,Aegir_M39_B53,DHNEMAIL_273.region001,RiPP,RiPP-like,Bacteria,Pseudomonadota,Gammaproteobacteria,Nitrosococcales,Methylophagaceae,GCA-002733105,0,1978.320248,24634.12169,4.391537082
M39,Aegir_M39_B51,DKEELOGD_85.region001,RiPP,RiPP-like,Bacteria,Desulfobacterota,DSM-4660,Desulfatiglandales,Desulfatiglandaceae,0,0,141.5654992,1762.779176,3.246197911
M39,Aegir_M39_B149,EDJGDHEF_101.region001,RiPP,RiPP-like,Bacteria,Pseudomonadota,Gammaproteobacteria,Methylococcales,Methylomonadaceae,Methylomarinum,0,457.6114513,5698.195825,3.75573737
M39,Aegir_M39_B191,EEGHMLPD_38.region001,RiPP,RiPP-like,Bacteria,Pseudomonadota,Gammaproteobacteria,Methylococcales,Methylomonadaceae,Methyloprofundus,Methyloprofundus sp900128525,4916.03897,61214.711,4.786855803
M39,Aegir_M39_B108,ELMMPHKD_43.region001,RiPP,RiPP-like,Bacteria,Pseudomonadota,Alphaproteobacteria,Rhodobacterales,Rhodobacteraceae,UBA3077,0,347.1172434,4322.317594,3.635716675
M39,Aegir_M39_B111,EOABJBEP_130.region001,RiPP,RiPP-like,Bacteria,Pseudomonadota,Gammaproteobacteria,CAJXQU01,CAJXQU01,CAJXQU01,0,453.8605377,5651.489302,3.75216291
M39,Aegir_M39_B147,FKCHBHNE_67.region001,RiPP,RiPP-like,Archaea,Thermoplasmatota,E2,DHVEG-1,DHVEG-1,B44-G15,0,164.5986492,2049.588867,3.311666753
M39,Aegir_M39_B153,FNBCAEOK_924.region001,RiPP,RiPP-like,Bacteria,Bdellovibrionota,Oligoflexia,Oligoflexales,0,0,0,260.4467808,3243.093579,3.51095948
M39,Aegir_M39_B127,GNEJKKOJ_15.region001,RiPP,RiPP-like,Bacteria,Pseudomonadota,Gammaproteobacteria,GCA-001735895,GCA-001735895,JACNJF01,0,141.4570015,1761.428157,3.245864934
M39,Aegir_M39_B67,HCGIIHJE_19.region001,RiPP,RiPP-like,Bacteria,Bacteroidota,Bacteroidia,Flavobacteriales,Flavobacteriaceae,S010-17,0,159.1730134,1982.028636,3.297109925
M39,Aegir_M39_B192,HEEDOPCH_161.region001,RiPP,RiPP-like,Bacteria,Pseudomonadota,Gammaproteobacteria,Methylococcales,Methylomonadaceae,QPIN01,0,243.4959789,3032.021525,3.48173228
M39,Aegir_M39_B192,HEEDOPCH_64.region001,RiPP,RiPP-like,Bacteria,Pseudomonadota,Gammaproteobacteria,Methylococcales,Methylomonadaceae,QPIN01,0,275.340555,3428.551441,3.53511067
M39,Aegir_M39_B136,IGJLCKIK_8.region002,RiPP,RiPP-like,Bacteria,Bacteroidota,Bacteroidia,Bacteroidales,F082,UBA4459,0,153.1559624,1907.10408,3.280374395
M39,Aegir_M39_B40,JEICAJEH_18.region001,RiPP,RiPP-like,Bacteria,Pseudomonadota,Gammaproteobacteria,Enterobacterales_A,GCA-002770795,DRNA01,0,424.3710044,5284.284471,3.722986189
M39,Aegir_M39_B40,JEICAJEH_66.region001,RiPP,RiPP-like,Bacteria,Pseudomonadota,Gammaproteobacteria,Enterobacterales_A,GCA-002770795,DRNA01,0,1063.852422,13247.13229,4.122121873
M39,Aegir_M39_B186,JNBGNNLM_229.region001,RiPP,RiPP-like,Bacteria,Pseudomonadota,Gammaproteobacteria,Methylococcales,Methylomonadaceae,QPIN01,0,153.0712835,1906.049654,3.28013421
M39,Aegir_M39_B186,JNBGNNLM_315.region001,RiPP,RiPP-like,Bacteria,Pseudomonadota,Gammaproteobacteria,Methylococcales,Methylomonadaceae,QPIN01,0,306.538027,3817.023592,3.581724844
M39,Aegir_M39_B84,KCHELPBI_228.region001,RiPP,RiPP-like,Bacteria,Desulfobacterota,Desulfofervidia,Desulfofervidales,Desulfofervidaceae,Desulfofervidus,0,1019.410597,12693.74093,4.10358963
M39,Aegir_M39_B98,KEGBFKGK_47.region001,RiPP,RiPP-like,Bacteria,Desulfobacterota,Desulfobacteria,Desulfobacterales,JAFDDL01,0,0,566.5516944,7054.724027,3.848480029
M39,Aegir_M39_B199,KEIMIPLH_50.region001,RiPP,RiPP-like,Bacteria,Bacteroidota,Bacteroidia,Flavobacteriales,Flavobacteriaceae,0,0,334.9051549,4170.252187,3.620162319
M39,Aegir_M39_B182,LIPJKAHJ_36.region001,RiPP,RiPP-like,Bacteria,Pseudomonadota,Alphaproteobacteria,Rhodobacterales,Rhodobacteraceae,Profundibacter,Profundibacter amoris,611.7777619,7617.880802,3.881834173
M39,Aegir_M39_B43,LPCKDOMF_14.region001,RiPP,RiPP-like,Bacteria,Campylobacterota,Campylobacteria,Campylobacterales,Sulfurimonadaceae,Sulfurimonas,0,285.712,3557.697084,3.551168968
M39,Aegir_M39_B8,MAHBBFHA_230.region001,RiPP,RiPP-like,Bacteria,Campylobacterota,Campylobacteria,Campylobacterales,Sulfurospirillaceae,Sulfurospirillum_A,0,359.0079032,4470.380559,3.650344496
M39,Aegir_M39_B39,NPMBOLIF_4.region001,RiPP,RiPP-like,Bacteria,Myxococcota_A,UBA9160,UBA9160,UBA4427,UBA4427,0,171.1798813,2131.538628,3.328693207
M39,Aegir_M39_B71,OEDHKPFD_120.region001,RiPP,RiPP-like,Bacteria,Pseudomonadota,Gammaproteobacteria,Methylococcales,Methylomonadaceae,QPIN01,QPIN01 sp021647585,196.1886817,2442.949196,3.387914435
M39,Aegir_M39_B146,OICIJIOO_39.region001,RiPP,RiPP-like,Bacteria,Pseudomonadota,Gammaproteobacteria,Methylococcales,Methylomonadaceae,0,0,612.2851338,7624.198616,3.882194201
M39,Aegir_M39_B180,PILMEDLM_25.region001,RiPP,RiPP-like,Bacteria,Desulfobacterota,DSM-4660,Desulfatiglandales,Desulfatiglandaceae,B111-G9,0,141.6017022,1763.229976,3.24630896
M39,Aegir_M39_B180,PILMEDLM_80.region001,RiPP,RiPP-like,Bacteria,Desulfobacterota,DSM-4660,Desulfatiglandales,Desulfatiglandaceae,B111-G9,0,141.2044856,1758.283819,3.245088979
M33,Barite_M33_B87,BAIALBNB_73.region001,RiPP,RiPP-like,Bacteria,Pseudomonadota,Gammaproteobacteria,Xanthomonadales,SZUA-36,SZUA-36,0,151.5809285,1554.259801,3.191523615
M33,Barite_M33_B61,CAOEPHBC_22.region001,RiPP,RiPP-like,Bacteria,Campylobacterota,Campylobacteria,Campylobacterales,Sulfurovaceae,Sulfurovum,0,132.2991421,1356.550856,3.13243608
M33,Barite_M33_B30,COHBHEGN_43.region001,RiPP,RiPP-like,Bacteria,Bacteroidota,Bacteroidia,Flavobacteriales,Flavobacteriaceae,Urechidicola,0,454.6983986,4662.324276,3.668602476
M33,Barite_M33_B14,DBOFCDMG_77.region001,RiPP,RiPP-like,Bacteria,Campylobacterota,Campylobacteria,Campylobacterales,Sulfurovaceae,Sulfurovum,0,431.6916962,4426.421296,3.646052747
M33,Barite_M33_B67,DLFDEKGP_30.region001,RiPP,RiPP-like,Bacteria,Pseudomonadota,Alphaproteobacteria,UBA1280,UBA2136,0,0,161.4299856,1655.248716,3.21886326
M33,Barite_M33_B96,EGMJLMEO_151.region001,RiPP,RiPP-like,Bacteria,Pseudomonadota,Alphaproteobacteria,UBA1280,UBA2136,0,0,440.5717211,4517.474082,3.65489567
M33,Barite_M33_B89,EMEEGMFL_223.region001,RiPP,RiPP-like,Bacteria,Pseudomonadota,Gammaproteobacteria,Enterobacterales,Alteromonadaceae,JABSOG01,0,143.3658047,1470.024689,3.167324629
M33,Barite_M33_B107,EMINPHIH_29.region001,RiPP,RiPP-like,Bacteria,Pseudomonadota,Gammaproteobacteria,Nitrosococcales,Methylophagaceae,GCA-002733105,0,132.2315448,1355.857737,3.132214124
M33,Barite_M33_B97,FAPGKHBG_6.region001,RiPP,RiPP-like,Bacteria,Pseudomonadota,Gammaproteobacteria,Xanthomonadales,Marinicellaceae,NORP309,0,406.9702611,4172.936024,3.620441727
M33,Barite_M33_B69,FHIEFOOH_4.region001,RiPP,RiPP-like,Bacteria,Pseudomonadota,Gammaproteobacteria,Arenicellales,Arenicellaceae,Arenicella,Arenicella sp016763815,132.910642,1362.820971,3.134438808
M33,Barite_M33_B99,HIDEMPIF_53.region001,RiPP,RiPP-like,Bacteria,Pseudomonadota,Gammaproteobacteria,Chromatiales,Sedimenticolaceae,0,0,199.8449203,2049.142523,3.311572166
M33,Barite_M33_B23,JICMBPMM_115.region001,RiPP,RiPP-like,Bacteria,Pseudomonadota,Gammaproteobacteria,Methylococcales,Methylomonadaceae,WTBX01,0,36661.02812,375909.8381,5.575083692
M33,Barite_M33_B23,JICMBPMM_6.region001,RiPP,RiPP-like,Bacteria,Pseudomonadota,Gammaproteobacteria,Methylococcales,Methylomonadaceae,WTBX01,0,1860.148858,19073.34005,4.280426752
M33,Barite_M33_B10,JLLMDFFJ_140.region001,RiPP,RiPP-like,Bacteria,Pseudomonadota,Gammaproteobacteria,Pseudomonadales,Azotimanducaceae_A,JAHRVQ01,0,620.8696646,6366.188485,3.803879493
M33,Barite_M33_B38,JMMHIICP_3.region001,RiPP,RiPP-like,Bacteria,Pseudomonadota,Gammaproteobacteria,Enterobacterales,Kangiellaceae,GCA-002733465,0,239.6658483,2457.45291,3.390485205
M33,Barite_M33_B106,LFCNJEPG_12.region002,RiPP,RiPP-like,Bacteria,Pseudomonadota,Gammaproteobacteria,QNFE01,0,0,0,132.2653348,1356.204208,3.132325088
M33,Barite_M33_B106,LFCNJEPG_1.region001,RiPP,RiPP-like,Bacteria,Pseudomonadota,Gammaproteobacteria,QNFE01,0,0,0,168.7270489,1730.070347,3.238063762
M33,Barite_M33_B106,LFCNJEPG_4.region001,RiPP,RiPP-like,Bacteria,Pseudomonadota,Gammaproteobacteria,QNFE01,0,0,0,285.7817302,2930.309635,3.466913513
M33,Barite_M33_B58,LMIOODIL_312.region001,RiPP,RiPP-like,Bacteria,Myxococcota,Bradymonadia,UBA4248,0,0,0,217.5087591,2230.261577,3.348355803
M33,Barite_M33_B6,LPIDFHMF_71.region001,RiPP,RiPP-like,Bacteria,Pseudomonadota,Gammaproteobacteria,Methylococcales,Methylomonadaceae,QPIN01,0,268.9754081,2757.983267,3.440591627
M33,Barite_M33_B45,MEICBBJD_174.region001,RiPP,RiPP-like,Bacteria,Pseudomonadota,Gammaproteobacteria,GCA-001735895,GCA-001735895,0,0,1373.547131,14083.88978,4.148722618
M33,Barite_M33_B45,MEICBBJD_38.region001,RiPP,RiPP-like,Bacteria,Pseudomonadota,Gammaproteobacteria,GCA-001735895,GCA-001735895,0,0,336.4669623,3450.018939,3.537821479
M33,Barite_M33_B32,MFEMIGBH_88.region001,RiPP,RiPP-like,Bacteria,Pseudomonadota,Gammaproteobacteria,GCA-001735895,GCA-001735895,0,0,255.730407,2622.173485,3.418661422
M33,Barite_M33_B72,MLFEBKFB_353.region001,RiPP,RiPP-like,Bacteria,Pseudomonadota,Alphaproteobacteria,Sphingomonadales,SMXR01,CAKZLM01,0,1985.248282,20356.06742,4.308693881
M33,Barite_M33_B101,MNIOLPGK_192.region001,RiPP,RiPP-like,Bacteria,Bacteroidota,Bacteroidia,Flavobacteriales,Flavobacteriaceae,S010-17,0,929.4463474,9530.229889,3.979103377
M33,Barite_M33_B20,NGKECJEJ_235.region001,RiPP,RiPP-like,Bacteria,Pseudomonadota,Alphaproteobacteria,Sphingomonadales,Kordiimonadaceae,Kordiimonas,0,570.9330016,5854.154757,3.767464199
M25,Aegir_M25_B215,DBLJEKIA_312.region001,RiPP,RRE-containing,Bacteria,Chloroflexota,Anaerolineae,Promineifilales,Promineifilaceae,JAJRTP01,0,5030.940283,42065.00129,4.623920907
M36,Aegir_M36_B53,IDFHELPL_36.region001,RiPP,RRE-containing,Bacteria,Campylobacterota,Campylobacteria,Campylobacterales,Sulfurovaceae,Sulfurovum,0,1006.369311,7028.877726,3.846885988
M36,Aegir_M36_B57,IIFEMMGK_195.region001,RiPP,RRE-containing,Bacteria,Campylobacterota,Campylobacteria,Campylobacterales,Sulfurovaceae,Sulfurovum,0,7071.435643,49389.67824,4.693636197
M36,Aegir_M36_B62,NDIICOJF_21.region001,RiPP,RRE-containing,Bacteria,Bacteroidota,Bacteroidia,Bacteroidales,UBA12170,UBA12170,0,1007.860302,7039.291392,3.847528943
M38,Aegir_M38_B98,BFAFEAIL_8.region001,RiPP,RRE-containing,Bacteria,Pseudomonadota,Gammaproteobacteria,Xanthomonadales,Marinicellaceae,NORP309,0,339.8932735,5059.305846,3.704090934
M38,Aegir_M38_B8,EBIDJMJL_43.region001,RiPP,RRE-containing,Bacteria,Bacteroidota,Bacteroidia,Flavobacteriales,Flavobacteriaceae,Lutimonas,0,187.1597202,2785.86939,3.444960752
M38,Aegir_M38_B19,ECPBKFON_167.region001,RiPP,RRE-containing,Bacteria,Pseudomonadota,Zetaproteobacteria,Mariprofundales,Mariprofundaceae,AB-137-C09,0,231.0650829,3439.4,3.536482687
M38,Aegir_M38_B44,FIGLHJNH_83.region001,RiPP,RRE-containing,Bacteria,Campylobacterota,Campylobacteria,Campylobacterales,Sulfurimonadaceae,Sulfurimonas,0,313.7424692,4670.051549,3.669321674
M38,Aegir_M38_B105,GECPGONF_22.region001,RiPP,RRE-containing,Bacteria,Campylobacterota,Campylobacteria,Campylobacterales,Sulfurovaceae,Sulfurovum,0,156.5463373,2330.189684,3.367391275
M38,Aegir_M38_B92,HJJGMEJB_51.region001,RiPP,RRE-containing,Bacteria,Campylobacterota,Campylobacteria,Campylobacterales,Sulfurimonadaceae,Sulfurimonas,0,231.8413185,3450.954254,3.537939202
M38,Aegir_M38_B87,ICAEBNNE_140.region001,RiPP,RRE-containing,Bacteria,UBP6,JAFGXH01,JAFGXH01,JAFGXH01,0,0,210.0021945,3125.879249,3.494972197
M38,Aegir_M38_B13,JGAODFDO_11.region001,RiPP,RRE-containing,Bacteria,Pseudomonadota,Gammaproteobacteria,Chromatiales,Sedimenticolaceae,0,0,156.5231819,2329.845015,3.367327032
M38,Aegir_M38_B91,KMNIKALC_87.region001,RiPP,RRE-containing,Bacteria,Pseudomonadota,Zetaproteobacteria,Mariprofundales,Mariprofundaceae,GCA-2401635,0,355.8573226,5296.930456,3.724024271
M39,Aegir_M39_B93,AMDMEECB_4.region001,RiPP,RRE-containing,Bacteria,Campylobacterota,Campylobacteria,Campylobacterales,Sulfurovaceae,Sulfurovum,0,6140.086547,76456.59966,4.883414979
M39,Aegir_M39_B17,CBJJPFKK_32.region001,RiPP,RRE-containing,Bacteria,Aquificota,Aquificae,Hydrogenothermales,Hydrogenothermaceae,Persephonella,0,82.08378555,1022.110533,3.009497864
M39,Aegir_M39_B160,ENHKGPJA_29.region001,RiPP,RRE-containing,Bacteria,Pseudomonadota,Gammaproteobacteria,Arenicellales,LS-SOB,JAAELZ01,0,402.0158684,5005.917436,3.699483682
M39,Aegir_M39_B74,EPGHDDAG_38.region001,RiPP,RRE-containing,Bacteria,WOR-3,Hydrothermia,0,0,0,0,120.7303996,1503.339694,3.177057125
M39,Aegir_M39_B195,GJNOLOFI_271.region001,RiPP,RRE-containing,Bacteria,Desulfobacterota,DSM-4660,Desulfatiglandales,Desulfatiglandaceae,Desulfacyla,0,478.5737736,5959.219489,3.775189382
M39,Aegir_M39_B100,HPDNPIEA_4.region001,RiPP,RRE-containing,Bacteria,Myxococcota,B64-G9,B64-G9,B64-G9,0,0,419.9543846,5229.288547,3.718442606
M39,Aegir_M39_B109,ICBCKKKK_16.region001,RiPP,RRE-containing,Bacteria,Bacteroidota,Bacteroidia,Bacteroidales,JAADJA01,JAADJA01,0,115.1562959,1433.930735,3.156528173
M39,Aegir_M39_B121,JGGEIKLM_42.region001,RiPP,RRE-containing,Bacteria,Bacteroidota,Bacteroidia,Flavobacteriales,Flavobacteriaceae,GCA-002733185,0,82.04729666,1021.656171,3.009304763
M39,Aegir_M39_B98,KEGBFKGK_93.region001,RiPP,RRE-containing,Bacteria,Desulfobacterota,Desulfobacteria,Desulfobacterales,JAFDDL01,0,0,162.9357105,2028.881888,3.307256765
M39,Aegir_M39_B199,KEIMIPLH_314.region001,RiPP,RRE-containing,Bacteria,Bacteroidota,Bacteroidia,Flavobacteriales,Flavobacteriaceae,0,0,243.8534304,3036.472526,3.482369356
M39,Aegir_M39_B144,LEDLLEGN_43.region001,RiPP,RRE-containing,Bacteria,Pseudomonadota,Gammaproteobacteria,Chromatiales,Sedimenticolaceae,Thiolapillus,0,631.0683135,7858.087509,3.895316861
M39,Aegir_M39_B159,LKLMGDAM_249.region001,RiPP,RRE-containing,Bacteria,Planctomycetota,SZUA-567,JAFGGJ01,JAFGGJ01,0,0,510.3316645,6354.669999,3.803093002
M39,Aegir_M39_B137,MGGLONMC_113.region001,RiPP,RRE-containing,Bacteria,Bacteroidota,Bacteroidia,Flavobacteriales,Flavobacteriaceae,Lutimonas,0,396.5219474,4937.506916,3.693507717
M39,Aegir_M39_B194,MHOBFLEE_173.region001,RiPP,RRE-containing,Bacteria,Desulfobacterota,Desulfobacteria,Desulfobacterales,UBA11574,0,0,422.2495089,5257.867526,3.72080964
M39,Aegir_M39_B88,OGCDBPDJ_176.region001,RiPP,RRE-containing,Bacteria,Acidobacteriota,Polarisedimenticolia,J045,J045,0,0,134.2978065,1672.281579,3.223309406
M39,Aegir_M39_B3,OHFHPIDA_75.region001,RiPP,RRE-containing,Bacteria,Chloroflexota,Anaerolineae,Promineofilales,Promineofilaceae,S016-13,0,121.5253177,1513.238046,3.179907252
M39,Aegir_M39_B63,PMCGENNM_89.region001,RiPP,RRE-containing,Bacteria,Bacteroidota,Ignavibacteria,Ignavibacteriales,Melioribacteraceae,GCA-2746605,0,89.98535038,1120.501129,3.049412299
M33,Barite_M33_B14,DBOFCDMG_58.region001,RiPP,RRE-containing,Bacteria,Campylobacterota,Campylobacteria,Campylobacterales,Sulfurovaceae,Sulfurovum,0,450.0420339,4614.579481,3.664132131
M33,Barite_M33_B13,DOFEOPKJ_456.region001,RiPP,RRE-containing,Bacteria,Pseudomonadota,Gammaproteobacteria,Chromatiales,Chromatiaceae,Thiosymbion,0,211.8410684,2172.146985,3.33688921
M33,Barite_M33_B97,FAPGKHBG_279.region001,RiPP,RRE-containing,Bacteria,Pseudomonadota,Gammaproteobacteria,Xanthomonadales,Marinicellaceae,NORP309,0,588.9607552,6039.005273,3.780965409
M33,Barite_M33_B69,FHIEFOOH_223.region001,RiPP,RRE-containing,Bacteria,Pseudomonadota,Gammaproteobacteria,Arenicellales,Arenicellaceae,Arenicella,Arenicella sp016763815,394.2104674,4042.101397,3.606607204
M33,Barite_M33_B36,KPIBPLGM_289.region001,RiPP,RRE-containing,Bacteria,Pseudomonadota,Alphaproteobacteria,Rhodobacterales,Rhodobacteraceae,UBA3077,0,193.5188224,1984.276845,3.297602264
M24,Aegir_M24_B72,AMCEHCFD_117.region001,Polyketide,T1PKS,Bacteria,Bacteroidota,Bacteroidia,Flavobacteriales,Crocinitomicaceae,Crocinitomix,0,481.7651876,8656.114933,3.937323014
M24,Aegir_M24_B51,CLBBIEOL_167.region001,Polyketide,T1PKS,Bacteria,Bacteroidota,Bacteroidia,Cytophagales,Cyclobacteriaceae,0,0,153.4692334,2757.458108,3.440508923
M24,Aegir_M24_B61,JFGKALPH_198.region001,Polyketide,T1PKS,Bacteria,Bacteroidota,Bacteroidia,Cytophagales,Bernardetiaceae,0,0,1341.900023,24110.58567,4.38220776
M24,Aegir_M24_B27,MGMOCMNP_146.region001,Polyketide,T1PKS,Bacteria,Bacteroidota,Bacteroidia,Cytophagales,Bernardetiaceae,0,0,641.030572,11517.71537,4.061366342
M24,Aegir_M24_B27,MGMOCMNP_205.region001,Polyketide,T1PKS,Bacteria,Bacteroidota,Bacteroidia,Cytophagales,Bernardetiaceae,0,0,2355.390783,42320.47863,4.626550571
M24,Aegir_M24_B62,OOCMFLME_19.region001,Polyketide,T1PKS,Bacteria,Pseudomonadota,Gammaproteobacteria,Methylococcales,Methylomonadaceae,QPIN01,0,407.4103045,7320.143737,3.864519609
M25,Aegir_M25_B239,IEDIOMHP_46.region001,Polyketide,T1PKS,Bacteria,Myxococcota,UBA796,UBA796,UBA2385,J125,0,1669.047842,13955.34347,4.14474053
M38,Aegir_M38_B21,NIMPLCKH_142.region001,Polyketide,T1PKS,Bacteria,Pseudomonadota,Gammaproteobacteria,Methylococcales,Methylomonadaceae,QPIN01,0,825.000825,12280.12386,4.089202747
M39,Aegir_M39_B196,BKLBJKCE_20.region001,Polyketide,T1PKS,Bacteria,Desulfobacterota,Desulfobacteria,Desulfobacterales,JAABRJ01,0,0,189.6050186,2360.969164,3.373090315
M39,Aegir_M39_B150,GLJOBBPH_377.region001,Polyketide,T1PKS,Bacteria,Pseudomonadota,Gammaproteobacteria,Beggiatoales,Beggiatoaceae,Thiomargarita,0,320.5266895,3991.210969,3.601104684
M39,Aegir_M39_B102,HHBKGBCH_84.region001,Polyketide,T1PKS,Bacteria,Pseudomonadota,Alphaproteobacteria,Rhodobacterales,Rhodobacteraceae,Oceanicella,0,129.1903537,1608.683376,3.206470574
M39,Aegir_M39_B73,HLAJGKCK_405.region001,Polyketide,T1PKS,Bacteria,Myxococcota,UBA796,UBA796,GCA-2862545,JACKEQ01,0,154.8117025,1927.721421,3.285044273
M39,Aegir_M39_B98,KEGBFKGK_79.region001,Polyketide,T1PKS,Bacteria,Desulfobacterota,Desulfobacteria,Desulfobacterales,JAFDDL01,0,0,69.46844965,865.0238728,2.937028093
M39,Aegir_M39_B119,MHCCPFAL_41.region001,Polyketide,T1PKS,Bacteria,Pseudomonadota,Gammaproteobacteria,Methylococcales,Methylomonadaceae,QPIN01,0,217.9674017,2714.138676,3.433632034
M39,Aegir_M39_B39,NPMBOLIF_68.region001,Polyketide,T1PKS,Bacteria,Myxococcota_A,UBA9160,UBA9160,UBA4427,UBA4427,0,55.07724032,685.8239671,2.836212658
M39,Aegir_M39_B71,OEDHKPFD_155.region001,Polyketide,T1PKS,Bacteria,Pseudomonadota,Gammaproteobacteria,Methylococcales,Methylomonadaceae,QPIN01,QPIN01 sp021647585,169.0717118,2105.287618,3.323311436
M33,Barite_M33_B36,KPIBPLGM_265.region001,Polyketide,T1PKS,Bacteria,Pseudomonadota,Alphaproteobacteria,Rhodobacterales,Rhodobacteraceae,UBA3077,0,78.61059237,806.0465449,2.906360121
M25,Aegir_M25_B87,DKBJNFLL_178.region001,Polyketide,T3PKS,Bacteria,Myxococcota,Polyangia,Polyangiales,SG8-38,JALVDI01,0,1587.61407,13274.45451,4.123016683
M38,Aegir_M38_B64,NAOKMLNH_87.region001,Polyketide,T3PKS,Bacteria,Bdellovibrionota,Oligoflexia,Oligoflexales,0,0,0,290.954374,4330.851123,3.636573255
M39,Aegir_M39_B25,IAPKAMMO_177.region001,Polyketide,T3PKS,Bacteria,Planctomycetota,JADGBV01,JADGBV01,JADGBV01,0,0,137.7216406,1714.915296,3.234242674
M39,Aegir_M39_B15,JKANDIBI_16.region001,Polyketide,T3PKS,Bacteria,KSB1,UBA2214,UBA2214,Zgenome-0027,JAJRST01,0,71.88858649,895.1595121,2.951900431
M39,Aegir_M39_B155,KKPGHLON_124.region001,Polyketide,T3PKS,Bacteria,Planctomycetota,UBA1135,UBA2386,GCA-002748355,JAJRTL01,0,148.4476826,1848.476394,3.266813909
M24,Aegir_M24_B122,FDEIFABP_48.region001,Terpene,Terpene generic,Bacteria,Pseudomonadota,Gammaproteobacteria,Methylococcales,Methylomonadaceae,Methyloprofundus,0,604.8070061,10866.86853,4.036104413
M24,Aegir_M24_B58,GNKANFNI_21.region001,Terpene,Terpene generic,Bacteria,Pseudomonadota,Gammaproteobacteria,Methylococcales,Methylomonadaceae,WTBX01,0,2762.386328,49633.17017,4.695772015
M24,Aegir_M24_B58,GNKANFNI_74.region001,Terpene,Terpene generic,Bacteria,Pseudomonadota,Gammaproteobacteria,Methylococcales,Methylomonadaceae,WTBX01,0,3948.594564,70946.364,4.850930143
M24,Aegir_M24_B13,HMPFCKPD_81.region001,Terpene,Terpene generic,Bacteria,Pseudomonadota,Gammaproteobacteria,Beggiatoales,Beggiatoaceae,0,0,325.8415836,5854.557926,3.767494107
M24,Aegir_M24_B130,KOFGBFOK_5.region001,Terpene,Terpene generic,Bacteria,Pseudomonadota,Gammaproteobacteria,Methylococcales,Methylomonadaceae,JALSJK01,0,245.2451863,4406.442337,3.644088091
M24,Aegir_M24_B75,NCJJNLBN_60.region001,Terpene,Terpene generic,Bacteria,Pseudomonadota,Gammaproteobacteria,Methylococcales,Methylomonadaceae,WTBX01,0,784.6485089,14098.17033,4.149162753
M25,Aegir_M25_B191,DOFINDKD_24.region001,Terpene,Terpene generic,Bacteria,Pseudomonadota,Gammaproteobacteria,Methylococcales,Methylomonadaceae,Methylomarinum,0,3851.931744,32207.00399,4.507950327
M25,Aegir_M25_B17,EFPKCKDP_32.region001,Terpene,Terpene generic,Bacteria,Desulfobacterota,DSM-4660,Desulfatiglandales,JALVZP01,0,0,5050.760139,42230.72027,4.625628489
M36,Aegir_M36_B40,MACFFGIF_25.region001,Terpene,Terpene generic,Bacteria,Pseudomonadota,Gammaproteobacteria,Methylococcales,Methylomonadaceae,Methyloprofundus,0,1066.926143,7451.830374,3.872262961
M36,Aegir_M36_B41,ONIHFDBF_122.region001,Terpene,Terpene generic,Bacteria,Pseudomonadota,Gammaproteobacteria,Methylococcales,Methylomonadaceae,Methyloprofundus,Methyloprofundus sp900128525,914.139452,6384.708238,3.805141056
M38,Aegir_M38_B26,BHAGBGDA_124.region001,Terpene,Terpene generic,Bacteria,Pseudomonadota,Gammaproteobacteria,Methylococcales,Methylomonadaceae,Methyloprofundus,0,182.1762409,2711.690382,3.433240101
M38,Aegir_M38_B72,JLHIKFCN_50.region001,Terpene,Terpene generic,Bacteria,Pseudomonadota,Gammaproteobacteria,Methylococcales,Methylomonadaceae,WTBX01,0,5002.438689,74461.21849,4.871930139
M38,Aegir_M38_B91,KMNIKALC_28.region001,Terpene,Terpene generic,Bacteria,Pseudomonadota,Zetaproteobacteria,Mariprofundales,Mariprofundaceae,GCA-2401635,0,2953.119232,43957.13172,4.643029346
M38,Aegir_M38_B84,LMKJOADE_26.region001,Terpene,Terpene generic,Bacteria,Pseudomonadota,Gammaproteobacteria,0,0,0,0,3808.853451,56694.72165,4.753542627
M38,Aegir_M38_B21,NIMPLCKH_23.region001,Terpene,Terpene generic,Bacteria,Pseudomonadota,Gammaproteobacteria,Methylococcales,Methylomonadaceae,QPIN01,0,319.8592619,4761.099909,3.677707295
M39,Aegir_M39_B178,AIAADNBJ_43.region001,Terpene,Terpene generic,Bacteria,Planctomycetota,UBA1135,UBA1135,GCA-002686595,RBC036,0,75.95818593,945.8343247,2.975815071
M39,Aegir_M39_B110,BFEMGKGJ_104.region001,Terpene,Terpene generic,Bacteria,Myxococcota,Polyangia,Haliangiales,Haliangiaceae,NORP324,0,99.79151557,1242.607885,3.094334105
M39,Aegir_M39_B23,CIBCBEEE_122.region001,Terpene,Terpene generic,Bacteria,Pseudomonadota,Gammaproteobacteria,Methylococcales,Methylomonadaceae,0,0,615.1192624,7659.489297,3.884199814
M39,Aegir_M39_B51,DKEELOGD_73.region001,Terpene,Terpene generic,Bacteria,Desulfobacterota,DSM-4660,Desulfatiglandales,Desulfatiglandaceae,0,0,726.9713646,9052.276082,3.956757791
M39,Aegir_M39_B149,EDJGDHEF_16.region001,Terpene,Terpene generic,Bacteria,Pseudomonadota,Gammaproteobacteria,Methylococcales,Methylomonadaceae,Methylomarinum,0,462.5169339,5759.279089,3.760368124
M39,Aegir_M39_B120,EEAGJODL_140.region001,Terpene,Terpene generic,Bacteria,Myxococcota,Bradymonadia,Bradymonadales,Bradymonadaceae,0,0,108.0901593,1345.942923,3.129026643
M39,Aegir_M39_B191,EEGHMLPD_256.region001,Terpene,Terpene generic,Bacteria,Pseudomonadota,Gammaproteobacteria,Methylococcales,Methylomonadaceae,Methyloprofundus,Methyloprofundus sp900128525,3466.044061,43159.31724,4.635074566
M39,Aegir_M39_B111,EOABJBEP_350.region001,Terpene,Terpene generic,Bacteria,Pseudomonadota,Gammaproteobacteria,CAJXQU01,CAJXQU01,CAJXQU01,0,202.5273797,2521.878913,3.40172423
M39,Aegir_M39_B170,FJOFPHMJ_17.region001,Terpene,Terpene generic,Bacteria,Bacteroidota,Kapabacteria,Kapabacteriales,UBA2268,0,0,152.341303,1896.959909,3.278058152
M39,Aegir_M39_B123,GAPCFIGP_97.region001,Terpene,Terpene generic,Bacteria,Desulfobacterota,DSM-4660,Desulfatiglandales,Desulfatiglandaceae,B46-G9,0,133.2207529,1658.870065,3.21981237
M39,Aegir_M39_B150,GLJOBBPH_145.region001,Terpene,Terpene generic,Bacteria,Pseudomonadota,Gammaproteobacteria,Beggiatoales,Beggiatoaceae,Thiomargarita,0,105.4819385,1313.465256,3.118418589
M39,Aegir_M39_B150,GLJOBBPH_160.region001,Terpene,Terpene generic,Bacteria,Pseudomonadota,Gammaproteobacteria,Beggiatoales,Beggiatoaceae,Thiomargarita,0,147.8004776,1840.417372,3.264916324
M39,Aegir_M39_B192,HEEDOPCH_110.region001,Terpene,Terpene generic,Bacteria,Pseudomonadota,Gammaproteobacteria,Methylococcales,Methylomonadaceae,QPIN01,0,706.0910236,8792.273253,3.944101177
M39,Aegir_M39_B102,HHBKGBCH_70.region001,Terpene,Terpene generic,Bacteria,Pseudomonadota,Alphaproteobacteria,Rhodobacterales,Rhodobacteraceae,Oceanicella,0,82.73381652,1030.204744,3.012923545
M39,Aegir_M39_B112,ICNECMED_135.region001,Terpene,Terpene generic,Bacteria,Calditrichota,Calditrichia,Calditrichales,Calditrichaceae,JANTFQ01,0,332.7583269,4143.519801,3.617369419
M39,Aegir_M39_B60,IGDGJELM_46.region001,Terpene,Terpene generic,Bacteria,Myxococcota,B64-G9,B64-G9,B64-G9,0,0,79.07128561,984.5987646,2.993259287
M39,Aegir_M39_B60,IGDGJELM_46.region002,Terpene,Terpene generic,Bacteria,Myxococcota,B64-G9,B64-G9,B64-G9,0,0,75.80566641,943.9351456,2.974942157
M39,Aegir_M39_B44,IPKLMCOG_23.region001,Terpene,Terpene generic,Bacteria,Bipolaricaulota,Bipolaricaulia,Bipolaricaulales,Bipolaricaulaceae,UBA3574,0,210.3760851,2619.611303,3.418236856
M39,Aegir_M39_B188,JCKFNMMM_332.region001,Terpene,Terpene generic,Bacteria,Myxococcota,JAADFL01,JAADFL01,JAADFL01,0,0,103.8076221,1292.616601,3.111469729
M39,Aegir_M39_B40,JEICAJEH_25.region001,Terpene,Terpene generic,Bacteria,Pseudomonadota,Gammaproteobacteria,Enterobacterales_A,GCA-002770795,DRNA01,0,263.5598003,3281.85702,3.516119656
M39,Aegir_M39_B92,JHHPGEIM_237.region001,Terpene,Terpene generic,Bacteria,Desulfobacterota_F,DSWW01,DSWW01,DSWW01,S015-6,0,172.9262511,2153.284494,3.333101413
M39,Aegir_M39_B186,JNBGNNLM_104.region001,Terpene,Terpene generic,Bacteria,Pseudomonadota,Gammaproteobacteria,Methylococcales,Methylomonadaceae,QPIN01,0,177.7179382,2212.95077,3.344971753
M39,Aegir_M39_B98,KEGBFKGK_100.region001,Terpene,Terpene generic,Bacteria,Desulfobacterota,Desulfobacteria,Desulfobacterales,JAFDDL01,0,0,223.6458523,2784.846967,3.444801335
M39,Aegir_M39_B98,KEGBFKGK_61.region001,Terpene,Terpene generic,Bacteria,Desulfobacterota,Desulfobacteria,Desulfobacterales,JAFDDL01,0,0,79.10517492,985.0207556,2.993445382
M39,Aegir_M39_B134,LCJGCDAJ_79.region001,Terpene,Terpene generic,Bacteria,Pseudomonadota,Gammaproteobacteria,Methylococcales,Methylothermaceae,Methylohalobius,0,396.829806,4941.340384,3.693844771
M39,Aegir_M39_B182,LIPJKAHJ_11.region001,Terpene,Terpene generic,Bacteria,Pseudomonadota,Alphaproteobacteria,Rhodobacterales,Rhodobacteraceae,Profundibacter,Profundibacter amoris,116.4234348,1449.709199,3.161280895
M39,Aegir_M39_B39,NPMBOLIF_29.region001,Terpene,Terpene generic,Bacteria,Myxococcota_A,UBA9160,UBA9160,UBA4427,UBA4427,0,72.29532002,900.224174,2.954350671
M39,Aegir_M39_B146,OICIJIOO_58.region001,Terpene,Terpene generic,Bacteria,Pseudomonadota,Gammaproteobacteria,Methylococcales,Methylomonadaceae,0,0,913.6669458,11377.01682,4.0560284
M39,Aegir_M39_B164,PNPOMJDI_2.region001,Terpene,Terpene generic,Bacteria,Myxococcota,Polyangia,Haliangiales,Haliangiaceae,NORP324,0,79.17304076,985.8658237,2.993817811
M33,Barite_M33_B62,AGFGDEPP_25.region001,Terpene,Terpene generic,Bacteria,Pseudomonadota,Alphaproteobacteria,Sphingomonadales,Emcibacteraceae,Paremcibacter,0,74.48887226,763.7838147,2.882970451
M33,Barite_M33_B113,BMEKDGJI_104.region001,Terpene,Terpene generic,Bacteria,Pseudomonadota,Gammaproteobacteria,Beggiatoales,Beggiatoaceae,0,0,86.45852066,886.5165591,2.947686852
M33,Barite_M33_B95,FMFMJIIM_50.region001,Terpene,Terpene generic,Bacteria,Pseudomonadota,Alphaproteobacteria,Micavibrionales,Micavibrionaceae,UBA1850,0,723.2394183,7415.853471,3.87016114
M33,Barite_M33_B23,JICMBPMM_48.region001,Terpene,Terpene generic,Bacteria,Pseudomonadota,Gammaproteobacteria,Methylococcales,Methylomonadaceae,WTBX01,0,892.5819301,9152.234567,3.961527142
M33,Barite_M33_B8,KFCJGCLI_112.region001,Terpene,Terpene generic,Bacteria,Pseudomonadota,Alphaproteobacteria,Micavibrionales,Micavibrionaceae,UBA1850,0,102.0836915,1046.731799,3.019835418
M33,Barite_M33_B58,LMIOODIL_241.region001,Terpene,Terpene generic,Bacteria,Myxococcota,Bradymonadia,UBA4248,0,0,0,140.830313,1444.02661,3.159575196
M33,Barite_M33_B72,MLFEBKFB_177.region001,Terpene,Terpene generic,Bacteria,Pseudomonadota,Alphaproteobacteria,Sphingomonadales,SMXR01,CAKZLM01,0,105.2314334,1079.007685,3.033024538
M33,Barite_M33_B35,MMHLBHKL_130.region001,Terpene,Terpene generic,Bacteria,Pseudomonadota,Gammaproteobacteria,Methylococcales,Methylomonadaceae,Methyloprofundus,0,113.342703,1162.177913,3.065272617
M33,Barite_M33_B20,NGKECJEJ_179.region001,Terpene,Terpene generic,Bacteria,Pseudomonadota,Alphaproteobacteria,Sphingomonadales,Kordiimonadaceae,Kordiimonas,0,363.7090173,3729.349797,3.57163312
M33,Barite_M33_B73,NNFODOML_37.region001,Terpene,Terpene generic,Bacteria,Pseudomonadota,Alphaproteobacteria,Rhizobiales,OSC116,OCS116,0,74.48887226,763.7838147,2.882970451
M33,Barite_M33_B5,OOHDNELP_286.region001,Terpene,Terpene generic,Bacteria,Nitrospirota,Nitrospiria,Nitrospirales,UBA8639,UBA8639,0,867.3217451,8893.225136,3.949059287
M33,Barite_M33_B21,PKDJBPAN_8.region001,Terpene,Terpene generic,Bacteria,Bacteroidota,Bacteroidia,Cytophagales,Cyclobacteriaceae,Roseivirga,0,73.47378779,753.3754803,2.877011481
M24,Aegir_M24_B73,CBMKINBK_66.region001,Hybrid,thioamide:arylpolyene,Bacteria,Pseudomonadota,Gammaproteobacteria,Thiotrichales,Thiotrichaceae,HyVt-477,0,92.44970644,1661.089894,3.220393136
M38,Aegir_M38_B90,NBPCDCCG_10.region001,RiPP,thioamitides,Archaea,Halobacteriota,Syntropharchaeia,ANME-1,ANME-1,JANPRD01,0,424.5540855,6319.480655,3.800681389
M25,Aegir_M25_B144,BIHIBKCH_38.region001,RiPP,thiopeptide,Bacteria,Pseudomonadota,Gammaproteobacteria,Thiotrichales,Thiotrichaceae,Cocleimonas,0,1241.335478,10379.12906,4.016160912
M38,Aegir_M38_B79,CGJFFKOE_1.region001,RiPP,thiopeptide,Bacteria,Desulfobacterota,Thermodesulfobacteria,Thermodesulfobacteriales,Thermodesulfobacteriaceae,Thermodesulfobacterium,0,648.4369427,9651.973342,3.984616114
M38,Aegir_M38_B66,EMLCJMHO_35.region001,RiPP,thiopeptide,Bacteria,Desulfobacterota,Desulfobulbia,Desulfobulbales,Desulfurivibrionaceae,0,0,296.7334836,4416.873076,3.645114919
M38,Aegir_M38_B87,ICAEBNNE_5.region001,RiPP,thiopeptide,Bacteria,UBP6,JAFGXH01,JAFGXH01,JAFGXH01,0,0,198.7232034,2957.991649,3.470996944
M39,Aegir_M39_B69,EGDKBMJK_202.region001,RiPP,thiopeptide,Bacteria,Planctomycetota,UBA1135,UBA1135,GCA-002686595,GCA-2862085,0,121.1442217,1508.492623,3.178543191
M39,Aegir_M39_B126,NGIDNPEH_13.region001,RiPP,thiopeptide,Bacteria,Desulfobacterota,DSM-4660,Desulfatiglandales,Desulfatiglandaceae,JAGGTJ01,0,189.8578446,2364.117363,3.373669033
M33,Barite_M33_B89,EMEEGMFL_399.region001,Polyketide,transAT-PKS-like,Bacteria,Pseudomonadota,Gammaproteobacteria,Enterobacterales,Alteromonadaceae,JABSOG01,0,362.2946876,3714.847737,3.569941018
M33,Barite_M33_B89,EMEEGMFL_487.region001,Polyketide,transAT-PKS-like,Bacteria,Pseudomonadota,Gammaproteobacteria,Enterobacterales,Alteromonadaceae,JABSOG01,0,546.0858207,5599.380131,3.748139952
M33,Barite_M33_B89,EMEEGMFL_726.region001,Polyketide,transAT-PKS-like,Bacteria,Pseudomonadota,Gammaproteobacteria,Enterobacterales,Alteromonadaceae,JABSOG01,0,354.7624014,3637.614211,3.560816638
M33,Barite_M33_B97,FAPGKHBG_224.region001,Polyketide,transAT-PKS-like,Bacteria,Pseudomonadota,Gammaproteobacteria,Xanthomonadales,Marinicellaceae,NORP309,0,2080.797362,21335.79551,4.32910884